anio,region,hombres,mujeres,no_binario,total,prop_mujeres,diferencia_paridad
1984,Chile,108467.0,80684.0,0.0,189151.0,0.4265586753440373,-0.0734413246559627
1984,Región De Antofagasta,5698.0,3636.0,0.0,9334.0,0.3895436040282837,-0.1104563959717163
1984,Región De Arica Y Parinacota,0.0,0.0,0.0,0.0,,
1984,Región De Atacama,1365.0,728.0,0.0,2093.0,0.34782608695652173,-0.15217391304347827
1984,Región De Aysén Del Gral. Carlos Ibáñez Del Campo,0.0,0.0,0.0,0.0,,
1984,Región De Coquimbo,3490.0,2628.0,0.0,6118.0,0.42955214122262175,-0.07044785877737825
1984,Región De La Araucanía,3761.0,3998.0,0.0,7759.0,0.5152725866735404,0.015272586673540367
1984,Región De Los Lagos,6270.0,4070.0,0.0,10340.0,0.39361702127659576,-0.10638297872340424
1984,Región De Los Ríos,0.0,0.0,0.0,0.0,,
1984,Región De Magallanes Y De La Antártica Chilena,919.0,797.0,0.0,1716.0,0.46445221445221446,-0.03554778554778554
1984,Región De Tarapacá,4071.0,2871.0,0.0,6942.0,0.4135695764909248,-0.0864304235090752
1984,Región De Valparaíso,13157.0,9390.0,0.0,22547.0,0.4164633875903668,-0.08353661240963323
1984,Región Del Biobío,14255.0,10002.0,0.0,24257.0,0.4123345838314713,-0.08766541616852869
1984,Región Del Libertador Gral. Bernardo O'higgins,459.0,335.0,0.0,794.0,0.42191435768261965,-0.07808564231738035
1984,Región Del Maule,2791.0,3607.0,0.0,6398.0,0.563769928102532,0.06376992810253201
1984,Región Metropolitana De Santiago,52231.0,38622.0,0.0,90853.0,0.42510428934652683,-0.07489571065347317
1984,Región de Ñuble,0.0,0.0,0.0,0.0,,
1985,Chile,113446.0,87694.0,0.0,201140.0,0.435984886148951,-0.06401511385104902
1985,Región De Antofagasta,5110.0,3546.0,0.0,8656.0,0.4096580406654344,-0.09034195933456562
1985,Región De Arica Y Parinacota,0.0,0.0,0.0,0.0,,
1985,Región De Atacama,1402.0,735.0,0.0,2137.0,0.34394010294805805,-0.15605989705194195
1985,Región De Aysén Del Gral. Carlos Ibáñez Del Campo,92.0,93.0,0.0,185.0,0.5027027027027027,0.002702702702702675
1985,Región De Coquimbo,3461.0,2774.0,0.0,6235.0,0.44490777866880515,-0.055092221331194846
1985,Región De La Araucanía,4151.0,4146.0,0.0,8297.0,0.4996986862721466,-0.0003013137278534139
1985,Región De Los Lagos,6494.0,4451.0,0.0,10945.0,0.4066697121973504,-0.09333028780264963
1985,Región De Los Ríos,0.0,0.0,0.0,0.0,,
1985,Región De Magallanes Y De La Antártica Chilena,890.0,856.0,0.0,1746.0,0.49026345933562426,-0.009736540664375737
1985,Región De Tarapacá,4089.0,3064.0,0.0,7153.0,0.4283517405284496,-0.0716482594715504
1985,Región De Valparaíso,13847.0,10608.0,0.0,24455.0,0.4337763238601513,-0.0662236761398487
1985,Región Del Biobío,15346.0,11428.0,0.0,26774.0,0.4268320011951894,-0.07316799880481062
1985,Región Del Libertador Gral. Bernardo O'higgins,524.0,470.0,0.0,994.0,0.47283702213279677,-0.02716297786720323
1985,Región Del Maule,3146.0,3745.0,0.0,6891.0,0.5434624873022783,0.04346248730227831
1985,Región Metropolitana De Santiago,54894.0,41778.0,0.0,96672.0,0.43216236345580933,-0.06783763654419067
1985,Región de Ñuble,0.0,0.0,0.0,0.0,,
1986,Chile,119711.0,94663.0,0.0,214374.0,0.441578736227341,-0.05842126377265899
1986,Región De Antofagasta,5771.0,4061.0,0.0,9832.0,0.41303905614320585,-0.08696094385679415
1986,Región De Arica Y Parinacota,0.0,0.0,0.0,0.0,,
1986,Región De Atacama,1327.0,787.0,0.0,2114.0,0.37228003784295177,-0.12771996215704823
1986,Región De Aysén Del Gral. Carlos Ibáñez Del Campo,129.0,122.0,0.0,251.0,0.4860557768924303,-0.013944223107569709
1986,Región De Coquimbo,3665.0,2761.0,0.0,6426.0,0.42966075319016495,-0.07033924680983505
1986,Región De La Araucanía,4181.0,3928.0,0.0,8109.0,0.48440004932790726,-0.015599950672092744
1986,Región De Los Lagos,6771.0,5023.0,0.0,11794.0,0.4258945226386298,-0.07410547736137019
1986,Región De Los Ríos,0.0,0.0,0.0,0.0,,
1986,Región De Magallanes Y De La Antártica Chilena,1008.0,796.0,0.0,1804.0,0.44124168514412415,-0.05875831485587585
1986,Región De Tarapacá,4090.0,3129.0,0.0,7219.0,0.43343953456157364,-0.06656046543842636
1986,Región De Valparaíso,14529.0,11774.0,0.0,26303.0,0.4476295479603087,-0.05237045203969132
1986,Región Del Biobío,16118.0,12487.0,0.0,28605.0,0.43653207481209577,-0.06346792518790423
1986,Región Del Libertador Gral. Bernardo O'higgins,710.0,661.0,0.0,1371.0,0.48212983223924144,-0.01787016776075856
1986,Región Del Maule,3150.0,4121.0,0.0,7271.0,0.5667721083757392,0.06677210837573921
1986,Región Metropolitana De Santiago,58262.0,45013.0,0.0,103275.0,0.4358557250060518,-0.0641442749939482
1986,Región de Ñuble,0.0,0.0,0.0,0.0,,
1987,Chile,124839.0,99673.0,0.0,224512.0,0.443953998004561,-0.05604600199543902
1987,Región De Antofagasta,5403.0,3658.0,0.0,9061.0,0.4037081999779274,-0.0962918000220726
1987,Región De Arica Y Parinacota,0.0,0.0,0.0,0.0,,
1987,Región De Atacama,1538.0,810.0,0.0,2348.0,0.34497444633730834,-0.15502555366269166
1987,Región De Aysén Del Gral. Carlos Ibáñez Del Campo,86.0,94.0,0.0,180.0,0.5222222222222223,0.022222222222222254
1987,Región De Coquimbo,3805.0,2987.0,0.0,6792.0,0.43978209658421674,-0.06021790341578326
1987,Región De La Araucanía,4443.0,3985.0,0.0,8428.0,0.47282866635026105,-0.02717133364973895
1987,Región De Los Lagos,7081.0,5371.0,0.0,12452.0,0.43133633151301,-0.06866366848699001
1987,Región De Los Ríos,0.0,0.0,0.0,0.0,,
1987,Región De Magallanes Y De La Antártica Chilena,1024.0,847.0,0.0,1871.0,0.45269909139497594,-0.04730090860502406
1987,Región De Tarapacá,4317.0,3320.0,0.0,7637.0,0.4347256776221029,-0.0652743223778971
1987,Región De Valparaíso,14413.0,12324.0,0.0,26737.0,0.4609342858211467,-0.039065714178853295
1987,Región Del Biobío,16297.0,13235.0,0.0,29532.0,0.4481579303806041,-0.051842069619395914
1987,Región Del Libertador Gral. Bernardo O'higgins,931.0,888.0,0.0,1819.0,0.4881803188565146,-0.011819681143485417
1987,Región Del Maule,3486.0,4478.0,0.0,7964.0,0.5622802611752888,0.06228026117528884
1987,Región Metropolitana De Santiago,62015.0,47676.0,0.0,109691.0,0.43463912262628657,-0.06536087737371343
1987,Región de Ñuble,0.0,0.0,0.0,0.0,,
1988,Chile,128663.0,104532.0,0.0,233195.0,0.44826003988078644,-0.05173996011921356
1988,Región De Antofagasta,5783.0,4049.0,0.0,9832.0,0.4118185516680228,-0.08818144833197722
1988,Región De Arica Y Parinacota,0.0,0.0,0.0,0.0,,
1988,Región De Atacama,1195.0,639.0,0.0,1834.0,0.3484187568157034,-0.1515812431842966
1988,Región De Aysén Del Gral. Carlos Ibáñez Del Campo,60.0,76.0,0.0,136.0,0.5588235294117647,0.05882352941176472
1988,Región De Coquimbo,3792.0,3167.0,0.0,6959.0,0.4550941227187814,-0.04490587728121859
1988,Región De La Araucanía,4513.0,3995.0,0.0,8508.0,0.46955806299952985,-0.030441937000470154
1988,Región De Los Lagos,7334.0,5394.0,0.0,12728.0,0.4237900691389063,-0.07620993086109368
1988,Región De Los Ríos,0.0,0.0,0.0,0.0,,
1988,Región De Magallanes Y De La Antártica Chilena,934.0,849.0,0.0,1783.0,0.4761637689287717,-0.023836231071228287
1988,Región De Tarapacá,4278.0,3098.0,0.0,7376.0,0.4200108459869848,-0.0799891540130152
1988,Región De Valparaíso,15455.0,12969.0,0.0,28424.0,0.45626934984520123,-0.04373065015479877
1988,Región Del Biobío,17086.0,14302.0,0.0,31388.0,0.45565184146807697,-0.04434815853192303
1988,Región Del Libertador Gral. Bernardo O'higgins,1014.0,1112.0,0.0,2126.0,0.5230479774223895,0.02304797742238951
1988,Región Del Maule,3176.0,4041.0,0.0,7217.0,0.5599279479007898,0.05992794790078981
1988,Región Metropolitana De Santiago,64043.0,50841.0,0.0,114884.0,0.44254204240799416,-0.05745795759200584
1988,Región de Ñuble,0.0,0.0,0.0,0.0,,
1989,Chile,129139.0,100969.0,0.0,230108.0,0.438789611834443,-0.06121038816555702
1989,Región De Antofagasta,4278.0,3191.0,0.0,7469.0,0.4272325612531798,-0.07276743874682018
1989,Región De Arica Y Parinacota,0.0,0.0,0.0,0.0,,
1989,Región De Atacama,1207.0,688.0,0.0,1895.0,0.36306068601583114,-0.13693931398416886
1989,Región De Aysén Del Gral. Carlos Ibáñez Del Campo,20.0,53.0,0.0,73.0,0.726027397260274,0.226027397260274
1989,Región De Coquimbo,3591.0,3131.0,0.0,6722.0,0.4657839928592681,-0.03421600714073192
1989,Región De La Araucanía,4512.0,4387.0,0.0,8899.0,0.49297673895943367,-0.007023261040566331
1989,Región De Los Lagos,7344.0,5011.0,0.0,12355.0,0.4055847834884662,-0.09441521651153378
1989,Región De Los Ríos,0.0,0.0,0.0,0.0,,
1989,Región De Magallanes Y De La Antártica Chilena,841.0,688.0,0.0,1529.0,0.44996729888816217,-0.05003270111183783
1989,Región De Tarapacá,4159.0,2630.0,0.0,6789.0,0.38739136839004273,-0.11260863160995727
1989,Región De Valparaíso,15458.0,12770.0,0.0,28228.0,0.4523877001558736,-0.047612299844126404
1989,Región Del Biobío,16860.0,14086.0,0.0,30946.0,0.45517999095198086,-0.04482000904801914
1989,Región Del Libertador Gral. Bernardo O'higgins,1271.0,1055.0,0.0,2326.0,0.45356835769561477,-0.046431642304385234
1989,Región Del Maule,3566.0,3917.0,0.0,7483.0,0.5234531604971269,0.023453160497126868
1989,Región Metropolitana De Santiago,66032.0,49362.0,0.0,115394.0,0.4277692081044075,-0.0722307918955925
1989,Región de Ñuble,0.0,0.0,0.0,0.0,,
1990,Chile,137771.0,111711.0,0.0,249482.0,0.447771783134655,-0.05222821686534501
1990,Región De Antofagasta,5089.0,4006.0,0.0,9095.0,0.44046179219351295,-0.05953820780648705
1990,Región De Arica Y Parinacota,0.0,0.0,0.0,0.0,,
1990,Región De Atacama,1324.0,841.0,0.0,2165.0,0.3884526558891455,-0.11154734411085448
1990,Región De Aysén Del Gral. Carlos Ibáñez Del Campo,48.0,69.0,0.0,117.0,0.5897435897435898,0.08974358974358976
1990,Región De Coquimbo,3556.0,3126.0,0.0,6682.0,0.46782400478898534,-0.03217599521101466
1990,Región De La Araucanía,4788.0,4564.0,0.0,9352.0,0.4880239520958084,-0.0119760479041916
1990,Región De Los Lagos,7061.0,5406.0,0.0,12467.0,0.43362476939119277,-0.06637523060880723
1990,Región De Los Ríos,0.0,0.0,0.0,0.0,,
1990,Región De Magallanes Y De La Antártica Chilena,940.0,792.0,0.0,1732.0,0.45727482678983833,-0.04272517321016167
1990,Región De Tarapacá,4202.0,3253.0,0.0,7455.0,0.4363514419852448,-0.06364855801475522
1990,Región De Valparaíso,16510.0,13942.0,0.0,30452.0,0.45783528175489296,-0.042164718245107036
1990,Región Del Biobío,17917.0,15420.0,0.0,33337.0,0.46254911959684436,-0.03745088040315564
1990,Región Del Libertador Gral. Bernardo O'higgins,1360.0,1513.0,0.0,2873.0,0.5266272189349113,0.026627218934911268
1990,Región Del Maule,2961.0,2928.0,0.0,5889.0,0.49719816607233824,-0.0028018339276617565
1990,Región Metropolitana De Santiago,72015.0,55851.0,0.0,127866.0,0.4367932053868894,-0.06320679461311057
1990,Región de Ñuble,0.0,0.0,0.0,0.0,,
1991,Chile,137239.0,112870.0,0.0,250109.0,0.45128324050713886,-0.04871675949286114
1991,Región De Antofagasta,4473.0,3348.0,0.0,7821.0,0.428078250863061,-0.071921749136939
1991,Región De Arica Y Parinacota,0.0,0.0,0.0,0.0,,
1991,Región De Atacama,1282.0,888.0,0.0,2170.0,0.40921658986175113,-0.09078341013824887
1991,Región De Aysén Del Gral. Carlos Ibáñez Del Campo,43.0,58.0,0.0,101.0,0.5742574257425742,0.07425742574257421
1991,Región De Coquimbo,3544.0,2783.0,0.0,6327.0,0.4398609135451241,-0.06013908645487592
1991,Región De La Araucanía,4675.0,4427.0,0.0,9102.0,0.486376620522962,-0.013623379477038011
1991,Región De Los Lagos,7582.0,5934.0,0.0,13516.0,0.4390352175199763,-0.06096478248002368
1991,Región De Los Ríos,0.0,0.0,0.0,0.0,,
1991,Región De Magallanes Y De La Antártica Chilena,1008.0,883.0,0.0,1891.0,0.46694870438921204,-0.033051295610787956
1991,Región De Tarapacá,4998.0,3915.0,0.0,8913.0,0.439246045102659,-0.06075395489734098
1991,Región De Valparaíso,16758.0,14359.0,0.0,31117.0,0.46145193945431756,-0.03854806054568244
1991,Región Del Biobío,19386.0,16116.0,0.0,35502.0,0.45394625654892684,-0.04605374345107316
1991,Región Del Libertador Gral. Bernardo O'higgins,1642.0,1650.0,0.0,3292.0,0.5012150668286756,0.0012150668286755595
1991,Región Del Maule,3502.0,3734.0,0.0,7236.0,0.5160309563294638,0.01603095632946383
1991,Región Metropolitana De Santiago,68346.0,54775.0,0.0,123121.0,0.4448875496462829,-0.05511245035371709
1991,Región de Ñuble,0.0,0.0,0.0,0.0,,
1992,Chile,155906.0,129793.0,0.0,285699.0,0.4542998050395696,-0.045700194960430374
1992,Región De Antofagasta,5884.0,4680.0,0.0,10564.0,0.44301400984475575,-0.05698599015524425
1992,Región De Arica Y Parinacota,0.0,0.0,0.0,0.0,,
1992,Región De Atacama,1236.0,991.0,0.0,2227.0,0.44499326448136506,-0.05500673551863494
1992,Región De Aysén Del Gral. Carlos Ibáñez Del Campo,49.0,75.0,0.0,124.0,0.6048387096774194,0.10483870967741937
1992,Región De Coquimbo,4465.0,4212.0,0.0,8677.0,0.485421228535208,-0.014578771464791973
1992,Región De La Araucanía,5335.0,5254.0,0.0,10589.0,0.49617527623005003,-0.003824723769949967
1992,Región De Los Lagos,8001.0,6411.0,0.0,14412.0,0.4448376353039134,-0.0551623646960866
1992,Región De Los Ríos,0.0,0.0,0.0,0.0,,
1992,Región De Magallanes Y De La Antártica Chilena,1155.0,902.0,0.0,2057.0,0.4385026737967914,-0.06149732620320858
1992,Región De Tarapacá,5055.0,4077.0,0.0,9132.0,0.4464520367936925,-0.0535479632063075
1992,Región De Valparaíso,18065.0,15678.0,0.0,33743.0,0.46462970097501705,-0.035370299024982954
1992,Región Del Biobío,21819.0,18421.0,0.0,40240.0,0.4577783300198807,-0.04222166998011928
1992,Región Del Libertador Gral. Bernardo O'higgins,1648.0,1715.0,0.0,3363.0,0.5099613440380613,0.00996134403806126
1992,Región Del Maule,3631.0,3934.0,0.0,7565.0,0.5200264375413086,0.020026437541308617
1992,Región Metropolitana De Santiago,79563.0,63443.0,0.0,143006.0,0.44363872844496033,-0.05636127155503967
1992,Región de Ñuble,0.0,0.0,0.0,0.0,,
1993,Chile,171985.0,144035.0,0.0,316020.0,0.4557781153091576,-0.04422188469084237
1993,Región De Antofagasta,7382.0,4927.0,0.0,12309.0,0.40027622065155577,-0.09972377934844423
1993,Región De Arica Y Parinacota,0.0,0.0,0.0,0.0,,
1993,Región De Atacama,1434.0,1101.0,0.0,2535.0,0.43431952662721895,-0.06568047337278105
1993,Región De Aysén Del Gral. Carlos Ibáñez Del Campo,56.0,68.0,0.0,124.0,0.5483870967741935,0.048387096774193505
1993,Región De Coquimbo,4637.0,4723.0,0.0,9360.0,0.5045940170940171,0.004594017094017078
1993,Región De La Araucanía,6677.0,6349.0,0.0,13026.0,0.48740979579302934,-0.012590204206970657
1993,Región De Los Lagos,8154.0,6995.0,0.0,15149.0,0.4617466499438907,-0.0382533500561093
1993,Región De Los Ríos,0.0,0.0,0.0,0.0,,
1993,Región De Magallanes Y De La Antártica Chilena,1404.0,1070.0,0.0,2474.0,0.43249797898140663,-0.06750202101859337
1993,Región De Tarapacá,4951.0,4472.0,0.0,9423.0,0.47458346598747747,-0.02541653401252253
1993,Región De Valparaíso,19860.0,17061.0,0.0,36921.0,0.46209474282928414,-0.037905257170715856
1993,Región Del Biobío,21835.0,19232.0,0.0,41067.0,0.4683078871113059,-0.03169211288869411
1993,Región Del Libertador Gral. Bernardo O'higgins,2039.0,1938.0,0.0,3977.0,0.48730198642192607,-0.01269801357807393
1993,Región Del Maule,4431.0,4767.0,0.0,9198.0,0.5182648401826484,0.0182648401826484
1993,Región Metropolitana De Santiago,89125.0,71332.0,0.0,160457.0,0.4445552390983254,-0.055444760901674606
1993,Región de Ñuble,0.0,0.0,0.0,0.0,,
1994,Chile,176699.0,150375.0,0.0,327074.0,0.4597583421488715,-0.04024165785112849
1994,Región De Antofagasta,7479.0,5457.0,0.0,12936.0,0.42184601113172543,-0.07815398886827457
1994,Región De Arica Y Parinacota,0.0,0.0,0.0,0.0,,
1994,Región De Atacama,1530.0,1091.0,0.0,2621.0,0.4162533384204502,-0.0837466615795498
1994,Región De Aysén Del Gral. Carlos Ibáñez Del Campo,45.0,72.0,0.0,117.0,0.6153846153846154,0.11538461538461542
1994,Región De Coquimbo,4947.0,5072.0,0.0,10019.0,0.5062381475197125,0.0062381475197125225
1994,Región De La Araucanía,7366.0,7084.0,0.0,14450.0,0.490242214532872,-0.009757785467128022
1994,Región De Los Lagos,8476.0,7278.0,0.0,15754.0,0.461977910371969,-0.038022089628031
1994,Región De Los Ríos,0.0,0.0,0.0,0.0,,
1994,Región De Magallanes Y De La Antártica Chilena,1499.0,1196.0,0.0,2695.0,0.4437847866419295,-0.056215213358070504
1994,Región De Tarapacá,5163.0,4435.0,0.0,9598.0,0.4620754323817462,-0.0379245676182538
1994,Región De Valparaíso,20157.0,17548.0,0.0,37705.0,0.4654024665163771,-0.03459753348362288
1994,Región Del Biobío,22729.0,19628.0,0.0,42357.0,0.46339448025119817,-0.03660551974880183
1994,Región Del Libertador Gral. Bernardo O'higgins,1767.0,1910.0,0.0,3677.0,0.5194451998912156,0.019445199891215625
1994,Región Del Maule,4345.0,4628.0,0.0,8973.0,0.5157695308146663,0.015769530814666255
1994,Región Metropolitana De Santiago,91196.0,74976.0,0.0,166172.0,0.45119514719688036,-0.048804852803119636
1994,Región de Ñuble,0.0,0.0,0.0,0.0,,
1995,Chile,187294.0,157648.0,0.0,344942.0,0.4570275582561706,-0.042972441743829415
1995,Región De Antofagasta,7990.0,5698.0,0.0,13688.0,0.4162770309760374,-0.08372296902396259
1995,Región De Arica Y Parinacota,0.0,0.0,0.0,0.0,,
1995,Región De Atacama,1577.0,1155.0,0.0,2732.0,0.42276720351390923,-0.07723279648609077
1995,Región De Aysén Del Gral. Carlos Ibáñez Del Campo,6.0,3.0,0.0,9.0,0.3333333333333333,-0.16666666666666669
1995,Región De Coquimbo,5906.0,5496.0,0.0,11402.0,0.4820206981231363,-0.017979301876863696
1995,Región De La Araucanía,8471.0,7807.0,0.0,16278.0,0.4796043740017201,-0.020395625998279876
1995,Región De Los Lagos,8400.0,7732.0,0.0,16132.0,0.47929580957103896,-0.020704190428961045
1995,Región De Los Ríos,0.0,0.0,0.0,0.0,,
1995,Región De Magallanes Y De La Antártica Chilena,1597.0,1201.0,0.0,2798.0,0.4292351679771265,-0.07076483202287348
1995,Región De Tarapacá,5433.0,4498.0,0.0,9931.0,0.4529251837679992,-0.04707481623200083
1995,Región De Valparaíso,21890.0,18803.0,0.0,40693.0,0.4620696434276165,-0.03793035657238347
1995,Región Del Biobío,23115.0,19605.0,0.0,42720.0,0.4589185393258427,-0.0410814606741573
1995,Región Del Libertador Gral. Bernardo O'higgins,2303.0,2274.0,0.0,4577.0,0.4968319860170417,-0.0031680139829582954
1995,Región Del Maule,4918.0,5222.0,0.0,10140.0,0.5149901380670612,0.014990138067061176
1995,Región Metropolitana De Santiago,95688.0,78154.0,0.0,173842.0,0.44956914899736544,-0.05043085100263456
1995,Región de Ñuble,0.0,0.0,0.0,0.0,,
1996,Chile,200261.0,166927.0,0.0,367188.0,0.4546090830855039,-0.04539091691449609
1996,Región De Antofagasta,10060.0,7919.0,0.0,17979.0,0.4404583124756661,-0.05954168752433392
1996,Región De Arica Y Parinacota,0.0,0.0,0.0,0.0,,
1996,Región De Atacama,2254.0,1382.0,0.0,3636.0,0.38008800880088006,-0.11991199119911994
1996,Región De Aysén Del Gral. Carlos Ibáñez Del Campo,4.0,0.0,0.0,4.0,0.0,-0.5
1996,Región De Coquimbo,6355.0,5803.0,0.0,12158.0,0.4772988978450403,-0.022701102154959685
1996,Región De La Araucanía,9082.0,8572.0,0.0,17654.0,0.4855556814319701,-0.014444318568029912
1996,Región De Los Lagos,8437.0,7754.0,0.0,16191.0,0.4789080353282688,-0.02109196467173119
1996,Región De Los Ríos,0.0,0.0,0.0,0.0,,
1996,Región De Magallanes Y De La Antártica Chilena,1588.0,1265.0,0.0,2853.0,0.4433929197336137,-0.05660708026638628
1996,Región De Tarapacá,5634.0,4721.0,0.0,10355.0,0.45591501690004826,-0.044084983099951736
1996,Región De Valparaíso,23472.0,19340.0,0.0,42812.0,0.45174250210221434,-0.04825749789778566
1996,Región Del Biobío,24184.0,20587.0,0.0,44771.0,0.4598289071050457,-0.0401710928949543
1996,Región Del Libertador Gral. Bernardo O'higgins,2188.0,2079.0,0.0,4267.0,0.4872275603468479,-0.012772439653152112
1996,Región Del Maule,4717.0,4939.0,0.0,9656.0,0.5114954432477217,0.01149544324772167
1996,Región Metropolitana De Santiago,102286.0,82566.0,0.0,184852.0,0.44666003072728455,-0.05333996927271545
1996,Región de Ñuble,0.0,0.0,0.0,0.0,,
1997,Chile,205158.0,175445.0,0.0,380603.0,0.46096588834034413,-0.03903411165965587
1997,Región De Antofagasta,10101.0,7995.0,0.0,18096.0,0.4418103448275862,-0.05818965517241381
1997,Región De Arica Y Parinacota,0.0,0.0,0.0,0.0,,
1997,Región De Atacama,1463.0,1098.0,0.0,2561.0,0.4287387739164389,-0.07126122608356111
1997,Región De Aysén Del Gral. Carlos Ibáñez Del Campo,0.0,0.0,0.0,0.0,,
1997,Región De Coquimbo,6906.0,6218.0,0.0,13124.0,0.47378847912221883,-0.02621152087778117
1997,Región De La Araucanía,9258.0,8890.0,0.0,18148.0,0.4898611417236059,-0.010138858276394103
1997,Región De Los Lagos,8378.0,7267.0,0.0,15645.0,0.4644934483860658,-0.03550655161393418
1997,Región De Los Ríos,0.0,0.0,0.0,0.0,,
1997,Región De Magallanes Y De La Antártica Chilena,1762.0,1425.0,0.0,3187.0,0.4471289614057107,-0.05287103859428932
1997,Región De Tarapacá,6293.0,4985.0,0.0,11278.0,0.4420109948572442,-0.05798900514275579
1997,Región De Valparaíso,26075.0,21492.0,0.0,47567.0,0.4518258456492947,-0.04817415435070532
1997,Región Del Biobío,24619.0,22030.0,0.0,46649.0,0.47225020900769576,-0.027749790992304235
1997,Región Del Libertador Gral. Bernardo O'higgins,2256.0,2098.0,0.0,4354.0,0.4818557648139642,-0.018144235186035806
1997,Región Del Maule,5148.0,5385.0,0.0,10533.0,0.5112503560239248,0.011250356023924768
1997,Región Metropolitana De Santiago,102899.0,86562.0,0.0,189461.0,0.45688558595172624,-0.043114414048273764
1997,Región de Ñuble,0.0,0.0,0.0,0.0,,
1998,Chile,219221.0,187332.0,0.0,406553.0,0.4607812511529862,-0.03921874884701382
1998,Región De Antofagasta,10741.0,9312.0,0.0,20053.0,0.4643694210342592,-0.03563057896574079
1998,Región De Arica Y Parinacota,0.0,0.0,0.0,0.0,,
1998,Región De Atacama,2263.0,1490.0,0.0,3753.0,0.397015720756728,-0.10298427924327203
1998,Región De Aysén Del Gral. Carlos Ibáñez Del Campo,0.0,0.0,0.0,0.0,,
1998,Región De Coquimbo,7175.0,6760.0,0.0,13935.0,0.48510943667025475,-0.014890563329745254
1998,Región De La Araucanía,9885.0,9396.0,0.0,19281.0,0.487319122452155,-0.012680877547845026
1998,Región De Los Lagos,9094.0,8628.0,0.0,17722.0,0.4868524997178648,-0.013147500282135183
1998,Región De Los Ríos,0.0,0.0,0.0,0.0,,
1998,Región De Magallanes Y De La Antártica Chilena,1839.0,1567.0,0.0,3406.0,0.4600704638872578,-0.03992953611274219
1998,Región De Tarapacá,5448.0,4654.0,0.0,10102.0,0.46070085131657096,-0.03929914868342904
1998,Región De Valparaíso,26743.0,24461.0,0.0,51204.0,0.47771658464182487,-0.02228341535817513
1998,Región Del Biobío,25289.0,22714.0,0.0,48003.0,0.47317875966085454,-0.026821240339145458
1998,Región Del Libertador Gral. Bernardo O'higgins,2431.0,1912.0,0.0,4343.0,0.44024867603039375,-0.05975132396960625
1998,Región Del Maule,5867.0,6551.0,0.0,12418.0,0.5275406667740377,0.02754066677403766
1998,Región Metropolitana De Santiago,112446.0,89887.0,0.0,202333.0,0.4442527911907598,-0.05574720880924022
1998,Región de Ñuble,0.0,0.0,0.0,0.0,,
1999,Chile,224979.0,199695.0,0.0,424674.0,0.47023128329024144,-0.029768716709758558
1999,Región De Antofagasta,10434.0,8559.0,0.0,18993.0,0.45063970936660874,-0.04936029063339126
1999,Región De Arica Y Parinacota,0.0,0.0,0.0,0.0,,
1999,Región De Atacama,2222.0,1389.0,0.0,3611.0,0.3846579894765993,-0.1153420105234007
1999,Región De Aysén Del Gral. Carlos Ibáñez Del Campo,144.0,164.0,0.0,308.0,0.5324675324675324,0.03246753246753242
1999,Región De Coquimbo,7362.0,7155.0,0.0,14517.0,0.49287042777433354,-0.007129572225666458
1999,Región De La Araucanía,9154.0,8740.0,0.0,17894.0,0.4884318766066838,-0.011568123393316199
1999,Región De Los Lagos,9341.0,8974.0,0.0,18315.0,0.48998088998088996,-0.010019110019110045
1999,Región De Los Ríos,0.0,0.0,0.0,0.0,,
1999,Región De Magallanes Y De La Antártica Chilena,1730.0,1963.0,0.0,3693.0,0.5315461684267533,0.031546168426753285
1999,Región De Tarapacá,6269.0,5858.0,0.0,12127.0,0.48305434155190896,-0.01694565844809104
1999,Región De Valparaíso,28409.0,26352.0,0.0,54761.0,0.48121838534723615,-0.018781614652763845
1999,Región Del Biobío,27121.0,24271.0,0.0,51392.0,0.4722719489414695,-0.02772805105853049
1999,Región Del Libertador Gral. Bernardo O'higgins,2268.0,1880.0,0.0,4148.0,0.4532304725168756,-0.04676952748312441
1999,Región Del Maule,5558.0,6609.0,0.0,12167.0,0.5431905975178762,0.04319059751787624
1999,Región Metropolitana De Santiago,114967.0,97781.0,0.0,212748.0,0.45960949104104387,-0.04039050895895613
1999,Región de Ñuble,0.0,0.0,0.0,0.0,,
2000,Chile,238978.0,213347.0,0.0,452325.0,0.47166749571657546,-0.028332504283424542
2000,Región De Antofagasta,10567.0,8723.0,0.0,19290.0,0.45220321410057024,-0.04779678589942976
2000,Región De Arica Y Parinacota,0.0,0.0,0.0,0.0,,
2000,Región De Atacama,2263.0,1565.0,0.0,3828.0,0.40882967607105536,-0.09117032392894464
2000,Región De Aysén Del Gral. Carlos Ibáñez Del Campo,154.0,189.0,0.0,343.0,0.5510204081632653,0.05102040816326525
2000,Región De Coquimbo,7668.0,7177.0,0.0,14845.0,0.48346244526776694,-0.016537554732233062
2000,Región De La Araucanía,10191.0,10274.0,0.0,20465.0,0.5020278524309797,0.002027852430979693
2000,Región De Los Lagos,10031.0,9869.0,0.0,19900.0,0.49592964824120606,-0.004070351758793944
2000,Región De Los Ríos,0.0,0.0,0.0,0.0,,
2000,Región De Magallanes Y De La Antártica Chilena,2042.0,1865.0,0.0,3907.0,0.47734834911696955,-0.02265165088303045
2000,Región De Tarapacá,6455.0,5997.0,0.0,12452.0,0.481609380019274,-0.018390619980725997
2000,Región De Valparaíso,30546.0,29267.0,0.0,59813.0,0.4893083443398592,-0.010691655660140797
2000,Región Del Biobío,27866.0,25569.0,0.0,53435.0,0.4785065967998503,-0.021493403200149697
2000,Región Del Libertador Gral. Bernardo O'higgins,2359.0,1709.0,0.0,4068.0,0.42010816125860373,-0.07989183874139627
2000,Región Del Maule,6379.0,6997.0,0.0,13376.0,0.5231010765550239,0.023101076555023914
2000,Región Metropolitana De Santiago,122457.0,104146.0,0.0,226603.0,0.45959673967246684,-0.040403260327533164
2000,Región de Ñuble,0.0,0.0,0.0,0.0,,
2001,Chile,256680.0,226602.0,0.0,483282.0,0.4688815225892957,-0.03111847741070428
2001,Región De Antofagasta,11290.0,8507.0,0.0,19797.0,0.4297115724604738,-0.07028842753952619
2001,Región De Arica Y Parinacota,0.0,0.0,0.0,0.0,,
2001,Región De Atacama,2992.0,1965.0,0.0,4957.0,0.3964091184183982,-0.10359088158160179
2001,Región De Aysén Del Gral. Carlos Ibáñez Del Campo,323.0,377.0,0.0,700.0,0.5385714285714286,0.03857142857142859
2001,Región De Coquimbo,8036.0,7450.0,0.0,15486.0,0.4810796848766628,-0.018920315123337195
2001,Región De La Araucanía,11503.0,10803.0,0.0,22306.0,0.4843091544875818,-0.015690845512418172
2001,Región De Los Lagos,10357.0,10262.0,0.0,20619.0,0.4976962995295601,-0.0023037004704398734
2001,Región De Los Ríos,0.0,0.0,0.0,0.0,,
2001,Región De Magallanes Y De La Antártica Chilena,2182.0,2009.0,0.0,4191.0,0.47936053447864474,-0.02063946552135526
2001,Región De Tarapacá,6796.0,6436.0,0.0,13232.0,0.48639661426844016,-0.013603385731559836
2001,Región De Valparaíso,32402.0,30358.0,0.0,62760.0,0.4837157425111536,-0.016284257488846376
2001,Región Del Biobío,30296.0,27773.0,0.0,58069.0,0.47827584425424924,-0.02172415574575076
2001,Región Del Libertador Gral. Bernardo O'higgins,2373.0,1882.0,0.0,4255.0,0.44230317273795533,-0.05769682726204467
2001,Región Del Maule,6732.0,7399.0,0.0,14131.0,0.523600594437761,0.02360059443776097
2001,Región Metropolitana De Santiago,131398.0,111381.0,0.0,242779.0,0.4587752647469509,-0.041224735253049094
2001,Región de Ñuble,0.0,0.0,0.0,0.0,,
2002,Chile,273959.0,247923.0,0.0,521882.0,0.4750556639240288,-0.024944336075971185
2002,Región De Antofagasta,12588.0,10739.0,0.0,23327.0,0.4603678141209757,-0.039632185879024284
2002,Región De Arica Y Parinacota,0.0,0.0,0.0,0.0,,
2002,Región De Atacama,2961.0,1866.0,0.0,4827.0,0.3865755127408328,-0.1134244872591672
2002,Región De Aysén Del Gral. Carlos Ibáñez Del Campo,296.0,363.0,0.0,659.0,0.5508345978755691,0.0508345978755691
2002,Región De Coquimbo,8990.0,8427.0,0.0,17417.0,0.48383762990182005,-0.016162370098179946
2002,Región De La Araucanía,14283.0,12115.0,0.0,26398.0,0.45893628305174633,-0.04106371694825367
2002,Región De Los Lagos,11563.0,11123.0,0.0,22686.0,0.49030238913867585,-0.009697610861324146
2002,Región De Los Ríos,0.0,0.0,0.0,0.0,,
2002,Región De Magallanes Y De La Antártica Chilena,2366.0,2230.0,0.0,4596.0,0.48520452567449956,-0.014795474325500435
2002,Región De Tarapacá,8357.0,8031.0,0.0,16388.0,0.49005369782767877,-0.00994630217232123
2002,Región De Valparaíso,35278.0,34673.0,0.0,69951.0,0.49567554430958816,-0.004324455690411844
2002,Región Del Biobío,31638.0,29349.0,0.0,60987.0,0.4812337055438044,-0.018766294456195598
2002,Región Del Libertador Gral. Bernardo O'higgins,2432.0,1849.0,0.0,4281.0,0.4319084326092035,-0.06809156739079653
2002,Región Del Maule,7050.0,7717.0,0.0,14767.0,0.5225841403128597,0.022584140312859713
2002,Región Metropolitana De Santiago,136157.0,119441.0,0.0,255598.0,0.467300213616695,-0.03269978638330501
2002,Región de Ñuble,0.0,0.0,0.0,0.0,,
2003,Chile,295836.0,271278.0,0.0,567114.0,0.47834826860208,-0.021651731397919982
2003,Región De Antofagasta,11623.0,10119.0,0.0,21742.0,0.4654125655413485,-0.03458743445865148
2003,Región De Arica Y Parinacota,0.0,0.0,0.0,0.0,,
2003,Región De Atacama,2277.0,1934.0,0.0,4211.0,0.4592733317501781,-0.04072666824982191
2003,Región De Aysén Del Gral. Carlos Ibáñez Del Campo,299.0,372.0,0.0,671.0,0.5543964232488823,0.054396423248882275
2003,Región De Coquimbo,10238.0,9524.0,0.0,19762.0,0.48193502681914785,-0.01806497318085215
2003,Región De La Araucanía,12349.0,12508.0,0.0,24857.0,0.5031982942430704,0.0031982942430703876
2003,Región De Los Lagos,12068.0,12373.0,0.0,24441.0,0.5062395155681028,0.00623951556810276
2003,Región De Los Ríos,0.0,0.0,0.0,0.0,,
2003,Región De Magallanes Y De La Antártica Chilena,2455.0,2581.0,0.0,5036.0,0.5125099285146942,0.012509928514694235
2003,Región De Tarapacá,5180.0,8314.0,0.0,13494.0,0.6161256854898474,0.11612568548984736
2003,Región De Valparaíso,37982.0,36397.0,0.0,74379.0,0.4893451108511811,-0.010654889148818902
2003,Región Del Biobío,34533.0,32772.0,0.0,67305.0,0.4869177624247827,-0.013082237575217315
2003,Región Del Libertador Gral. Bernardo O'higgins,2776.0,2300.0,0.0,5076.0,0.45311268715524033,-0.046887312844759665
2003,Región Del Maule,7516.0,8054.0,0.0,15570.0,0.517276814386641,0.01727681438664097
2003,Región Metropolitana De Santiago,156540.0,134030.0,0.0,290570.0,0.46126578793406064,-0.038734212065939355
2003,Región de Ñuble,0.0,0.0,0.0,0.0,,
2004,Chile,303789.0,280989.0,0.0,584778.0,0.48050542257061657,-0.01949457742938343
2004,Región De Antofagasta,11271.0,9350.0,0.0,20621.0,0.4534212695795548,-0.04657873042044519
2004,Región De Arica Y Parinacota,0.0,0.0,0.0,0.0,,
2004,Región De Atacama,2666.0,1928.0,0.0,4594.0,0.4196778406617327,-0.08032215933826731
2004,Región De Aysén Del Gral. Carlos Ibáñez Del Campo,327.0,366.0,0.0,693.0,0.5281385281385281,0.02813852813852813
2004,Región De Coquimbo,10245.0,9729.0,0.0,19974.0,0.4870832081706218,-0.012916791829378216
2004,Región De La Araucanía,11184.0,11844.0,0.0,23028.0,0.5143303804064617,0.014330380406461729
2004,Región De Los Lagos,12691.0,13354.0,0.0,26045.0,0.5127279708197351,0.01272797081973509
2004,Región De Los Ríos,0.0,0.0,0.0,0.0,,
2004,Región De Magallanes Y De La Antártica Chilena,2717.0,2453.0,0.0,5170.0,0.474468085106383,-0.025531914893617003
2004,Región De Tarapacá,5416.0,8628.0,0.0,14044.0,0.6143548846482484,0.11435488464824839
2004,Región De Valparaíso,39630.0,36804.0,0.0,76434.0,0.48151346259518013,-0.01848653740481987
2004,Región Del Biobío,36859.0,35632.0,0.0,72491.0,0.4915368804403305,-0.008463119559669496
2004,Región Del Libertador Gral. Bernardo O'higgins,3404.0,2664.0,0.0,6068.0,0.43902439024390244,-0.06097560975609756
2004,Región Del Maule,9589.0,9983.0,0.0,19572.0,0.5100653995503781,0.010065399550378107
2004,Región Metropolitana De Santiago,157790.0,138254.0,0.0,296044.0,0.4670049046763319,-0.03299509532366812
2004,Región de Ñuble,0.0,0.0,0.0,0.0,,
2005,Chile,321936.0,297066.0,0.0,619002.0,0.47991121191853986,-0.02008878808146014
2005,Región De Antofagasta,12982.0,10490.0,0.0,23472.0,0.4469154737559646,-0.053084526244035424
2005,Región De Arica Y Parinacota,0.0,0.0,0.0,0.0,,
2005,Región De Atacama,2708.0,2116.0,0.0,4824.0,0.4386401326699834,-0.06135986733001658
2005,Región De Aysén Del Gral. Carlos Ibáñez Del Campo,241.0,293.0,0.0,534.0,0.548689138576779,0.048689138576779034
2005,Región De Coquimbo,10878.0,11138.0,0.0,22016.0,0.5059047965116279,0.005904796511627897
2005,Región De La Araucanía,11410.0,12211.0,0.0,23621.0,0.5169552516828246,0.016955251682824635
2005,Región De Los Lagos,13357.0,13071.0,0.0,26428.0,0.4945890721961556,-0.00541092780384439
2005,Región De Los Ríos,0.0,0.0,0.0,0.0,,
2005,Región De Magallanes Y De La Antártica Chilena,2906.0,2825.0,0.0,5731.0,0.49293317047635665,-0.007066829523643348
2005,Región De Tarapacá,9425.0,9584.0,0.0,19009.0,0.5041822294702509,0.004182229470250931
2005,Región De Valparaíso,40141.0,38550.0,0.0,78691.0,0.4898908388506945,-0.01010916114930549
2005,Región Del Biobío,38699.0,37323.0,0.0,76022.0,0.49094998816132174,-0.009050011838678262
2005,Región Del Libertador Gral. Bernardo O'higgins,3673.0,2733.0,0.0,6406.0,0.4266312831720262,-0.0733687168279738
2005,Región Del Maule,9897.0,10892.0,0.0,20789.0,0.5239309250084179,0.02393092500841787
2005,Región Metropolitana De Santiago,165619.0,145840.0,0.0,311459.0,0.46824782716184155,-0.031752172838158454
2005,Región de Ñuble,0.0,0.0,0.0,0.0,,
2006,Chile,336146.0,324996.0,0.0,661142.0,0.4915676208741844,-0.008432379125815626
2006,Región De Antofagasta,13002.0,10729.0,0.0,23731.0,0.4521090556655851,-0.047890944334414876
2006,Región De Arica Y Parinacota,0.0,0.0,0.0,0.0,,
2006,Región De Atacama,3041.0,2511.0,0.0,5552.0,0.45226945244956773,-0.04773054755043227
2006,Región De Aysén Del Gral. Carlos Ibáñez Del Campo,521.0,453.0,0.0,974.0,0.4650924024640657,-0.03490759753593431
2006,Región De Coquimbo,12365.0,11545.0,0.0,23910.0,0.48285236302802176,-0.017147636971978242
2006,Región De La Araucanía,11476.0,11913.0,0.0,23389.0,0.5093419983753046,0.009341998375304583
2006,Región De Los Lagos,15045.0,15676.0,0.0,30721.0,0.5102698479867191,0.01026984798671915
2006,Región De Los Ríos,0.0,0.0,0.0,0.0,,
2006,Región De Magallanes Y De La Antártica Chilena,2919.0,2709.0,0.0,5628.0,0.48134328358208955,-0.018656716417910446
2006,Región De Tarapacá,11016.0,11163.0,0.0,22179.0,0.5033139456242391,0.003313945624239145
2006,Región De Valparaíso,43961.0,43997.0,0.0,87958.0,0.5002046431251279,0.00020464312512791238
2006,Región Del Biobío,41897.0,41359.0,0.0,83256.0,0.4967690016335159,-0.0032309983664841058
2006,Región Del Libertador Gral. Bernardo O'higgins,3241.0,2916.0,0.0,6157.0,0.47360727627091115,-0.02639272372908885
2006,Región Del Maule,10285.0,11251.0,0.0,21536.0,0.5224275631500743,0.022427563150074326
2006,Región Metropolitana De Santiago,167377.0,158774.0,0.0,326151.0,0.4868113235893804,-0.013188676410619604
2006,Región de Ñuble,0.0,0.0,0.0,0.0,,
2007,Chile,391405.0,385495.0,0.0,776900.0,0.49619642167589134,-0.0038035783241086585
2007,Región De Antofagasta,14924.0,13790.0,0.0,28714.0,0.4802535348610434,-0.019746465138956615
2007,Región De Arica Y Parinacota,0.0,0.0,0.0,0.0,,
2007,Región De Atacama,3550.0,3278.0,0.0,6828.0,0.4800820152314001,-0.019917984768599906
2007,Región De Aysén Del Gral. Carlos Ibáñez Del Campo,407.0,460.0,0.0,867.0,0.5305651672433679,0.030565167243367886
2007,Región De Coquimbo,12837.0,13425.0,0.0,26262.0,0.5111948823395019,0.011194882339501944
2007,Región De La Araucanía,15531.0,18360.0,0.0,33891.0,0.5417367442683898,0.0417367442683898
2007,Región De Los Lagos,16675.0,18538.0,0.0,35213.0,0.5264532984977139,0.02645329849771394
2007,Región De Los Ríos,0.0,0.0,0.0,0.0,,
2007,Región De Magallanes Y De La Antártica Chilena,196183.0,185538.0,0.0,381721.0,0.4860565701127263,-0.013943429887273706
2007,Región De Tarapacá,12280.0,12303.0,0.0,24583.0,0.5004678029532604,0.0004678029532604322
2007,Región De Valparaíso,48123.0,46142.0,0.0,94265.0,0.4894923884792871,-0.01050761152071289
2007,Región Del Biobío,48106.0,48474.0,0.0,96580.0,0.5019051563470698,0.0019051563470697808
2007,Región Del Libertador Gral. Bernardo O'higgins,5660.0,5658.0,0.0,11318.0,0.49991164516699066,-8.835483300934088e-05
2007,Región Del Maule,13489.0,15573.0,0.0,29062.0,0.5358543802904135,0.035854380290413546
2007,Región Metropolitana De Santiago,0.0,0.0,0.0,0.0,,
2007,Región de Ñuble,0.0,0.0,0.0,0.0,,
2008,Chile,409840.0,409957.0,0.0,819797.0,0.5000713591291502,7.135912915023912e-05
2008,Región De Antofagasta,15643.0,14765.0,0.0,30408.0,0.48556300973428046,-0.01443699026571954
2008,Región De Arica Y Parinacota,6575.0,6854.0,0.0,13429.0,0.5103879663414997,0.010387966341499744
2008,Región De Atacama,4090.0,3707.0,0.0,7797.0,0.4754392715146851,-0.024560728485314876
2008,Región De Aysén Del Gral. Carlos Ibáñez Del Campo,430.0,534.0,0.0,964.0,0.553941908713693,0.053941908713692976
2008,Región De Coquimbo,14113.0,15062.0,0.0,29175.0,0.5162639245929734,0.016263924592973433
2008,Región De La Araucanía,15963.0,18490.0,0.0,34453.0,0.5366731489275245,0.03667314892752449
2008,Región De Los Lagos,10372.0,13145.0,0.0,23517.0,0.5589573500021261,0.0589573500021261
2008,Región De Los Ríos,7436.0,7446.0,0.0,14882.0,0.5003359763472651,0.00033597634726512116
2008,Región De Magallanes Y De La Antártica Chilena,3393.0,3397.0,0.0,6790.0,0.5002945508100147,0.0002945508100147265
2008,Región De Tarapacá,6703.0,6584.0,0.0,13287.0,0.4955219387371115,-0.004478061262888522
2008,Región De Valparaíso,50620.0,50357.0,0.0,100977.0,0.49869772324390704,-0.0013022767560929571
2008,Región Del Biobío,52038.0,53297.0,0.0,105335.0,0.5059761712631129,0.005976171263112895
2008,Región Del Libertador Gral. Bernardo O'higgins,6002.0,5825.0,0.0,11827.0,0.49251712183985796,-0.007482878160142037
2008,Región Del Maule,15770.0,18471.0,0.0,34241.0,0.5394410209982186,0.03944102099821856
2008,Región Metropolitana De Santiago,200692.0,192023.0,0.0,392715.0,0.48896273378913463,-0.01103726621086537
2008,Región de Ñuble,0.0,0.0,0.0,0.0,,
2009,Chile,438865.0,452854.0,0.0,891719.0,0.5078438386980652,0.007843838698065153
2009,Región De Antofagasta,17040.0,16386.0,0.0,33426.0,0.4902171961945791,-0.009782803805420903
2009,Región De Arica Y Parinacota,6375.0,6979.0,0.0,13354.0,0.5226149468324097,0.02261494683240972
2009,Región De Atacama,4202.0,4003.0,0.0,8205.0,0.4878732480195003,-0.012126751980499673
2009,Región De Aysén Del Gral. Carlos Ibáñez Del Campo,607.0,746.0,0.0,1353.0,0.5513673318551368,0.051367331855136755
2009,Región De Coquimbo,15108.0,17207.0,0.0,32315.0,0.5324771777812162,0.03247717778121617
2009,Región De La Araucanía,17749.0,20499.0,0.0,38248.0,0.5359495921355365,0.0359495921355365
2009,Región De Los Lagos,11865.0,14836.0,0.0,26701.0,0.5556346204262013,0.055634620426201264
2009,Región De Los Ríos,8151.0,8743.0,0.0,16894.0,0.5175210133775305,0.017521013377530537
2009,Región De Magallanes Y De La Antártica Chilena,3417.0,3665.0,0.0,7082.0,0.517509178198249,0.017509178198249042
2009,Región De Tarapacá,6986.0,7319.0,0.0,14305.0,0.5116392869626005,0.011639286962600526
2009,Región De Valparaíso,53353.0,54025.0,0.0,107378.0,0.5031291325969938,0.0031291325969937667
2009,Región Del Biobío,55716.0,59668.0,0.0,115384.0,0.5171254246689315,0.01712542466893152
2009,Región Del Libertador Gral. Bernardo O'higgins,7770.0,7987.0,0.0,15757.0,0.5068858285206574,0.006885828520657444
2009,Región Del Maule,17557.0,21225.0,0.0,38782.0,0.5472899798875767,0.04728997988757666
2009,Región Metropolitana De Santiago,212969.0,209566.0,0.0,422535.0,0.49597311465322397,-0.004026885346776032
2009,Región de Ñuble,0.0,0.0,0.0,0.0,,
2010,Chile,482388.0,503230.0,0.0,985618.0,0.51057306177444,0.010573061774439951
2010,Región De Antofagasta,18420.0,17834.0,0.0,36254.0,0.4919181331715121,-0.008081866828487883
2010,Región De Arica Y Parinacota,7053.0,7609.0,0.0,14662.0,0.5189605783658436,0.01896057836584364
2010,Región De Atacama,4702.0,4406.0,0.0,9108.0,0.4837505489679403,-0.016249451032059714
2010,Región De Aysén Del Gral. Carlos Ibáñez Del Campo,675.0,846.0,0.0,1521.0,0.5562130177514792,0.056213017751479244
2010,Región De Coquimbo,16638.0,19211.0,0.0,35849.0,0.5358866356104772,0.035886635610477224
2010,Región De La Araucanía,19609.0,22749.0,0.0,42358.0,0.5370650172340526,0.037065017234052644
2010,Región De Los Lagos,12814.0,16648.0,0.0,29462.0,0.5650668657932252,0.06506686579322518
2010,Región De Los Ríos,8726.0,8979.0,0.0,17705.0,0.5071448743292856,0.0071448743292855665
2010,Región De Magallanes Y De La Antártica Chilena,3644.0,4008.0,0.0,7652.0,0.523784631468897,0.023784631468896977
2010,Región De Tarapacá,7647.0,7895.0,0.0,15542.0,0.5079783811607258,0.0079783811607258
2010,Región De Valparaíso,57366.0,58804.0,0.0,116170.0,0.5061892054747353,0.0061892054747353376
2010,Región Del Biobío,60224.0,66232.0,0.0,126456.0,0.5237552982855697,0.02375529828556966
2010,Región Del Libertador Gral. Bernardo O'higgins,9356.0,9474.0,0.0,18830.0,0.503133297928837,0.0031332979288369867
2010,Región Del Maule,19414.0,24306.0,0.0,43720.0,0.5559469350411711,0.0559469350411711
2010,Región Metropolitana De Santiago,236100.0,234229.0,0.0,470329.0,0.49801096679133117,-0.0019890332086688334
2010,Región de Ñuble,0.0,0.0,0.0,0.0,,
2011,Chile,517065.0,552036.0,0.0,1069101.0,0.5163553303195862,0.016355330319586248
2011,Región De Antofagasta,19002.0,18550.0,0.0,37552.0,0.4939816787388155,-0.006018321261184512
2011,Región De Arica Y Parinacota,7035.0,7798.0,0.0,14833.0,0.5257196790939123,0.025719679093912262
2011,Región De Atacama,5273.0,5009.0,0.0,10282.0,0.4871620307333204,-0.012837969266679627
2011,Región De Aysén Del Gral. Carlos Ibáñez Del Campo,724.0,947.0,0.0,1671.0,0.5667265110712149,0.06672651107121486
2011,Región De Coquimbo,17474.0,20671.0,0.0,38145.0,0.5419058854371477,0.04190588543714768
2011,Región De La Araucanía,21032.0,25604.0,0.0,46636.0,0.5490179260657003,0.049017926065700324
2011,Región De Los Lagos,14136.0,18973.0,0.0,33109.0,0.5730466036425141,0.07304660364251414
2011,Región De Los Ríos,9187.0,9819.0,0.0,19006.0,0.5166263285278333,0.0166263285278333
2011,Región De Magallanes Y De La Antártica Chilena,3576.0,4002.0,0.0,7578.0,0.5281076801266825,0.02810768012668252
2011,Región De Tarapacá,7571.0,8145.0,0.0,15716.0,0.5182616441842708,0.018261644184270787
2011,Región De Valparaíso,60644.0,62463.0,0.0,123107.0,0.5073878820863151,0.007387882086315134
2011,Región Del Biobío,65384.0,73182.0,0.0,138566.0,0.528138215723915,0.02813821572391495
2011,Región Del Libertador Gral. Bernardo O'higgins,10413.0,11219.0,0.0,21632.0,0.5186298076923077,0.01862980769230771
2011,Región Del Maule,22223.0,32175.0,0.0,54398.0,0.5914739512482077,0.09147395124820767
2011,Región Metropolitana De Santiago,253391.0,253479.0,0.0,506870.0,0.5000868072681358,8.680726813581341e-05
2011,Región de Ñuble,0.0,0.0,0.0,0.0,,
2012,Chile,540106.0,586814.0,0.0,1126920.0,0.5207237425904234,0.020723742590423422
2012,Región De Antofagasta,19522.0,18904.0,0.0,38426.0,0.49195856971841984,-0.008041430281580164
2012,Región De Arica Y Parinacota,7348.0,8125.0,0.0,15473.0,0.5251082530860208,0.025108253086020826
2012,Región De Atacama,5277.0,5447.0,0.0,10724.0,0.5079261469600895,0.00792614696008953
2012,Región De Aysén Del Gral. Carlos Ibáñez Del Campo,714.0,892.0,0.0,1606.0,0.5554171855541719,0.055417185554171855
2012,Región De Coquimbo,18302.0,22112.0,0.0,40414.0,0.5471371306972831,0.04713713069728309
2012,Región De La Araucanía,22507.0,27874.0,0.0,50381.0,0.5532641273495961,0.05326412734959607
2012,Región De Los Lagos,14562.0,20056.0,0.0,34618.0,0.579351782309781,0.07935178230978102
2012,Región De Los Ríos,9643.0,10753.0,0.0,20396.0,0.52721121788586,0.027211217885860006
2012,Región De Magallanes Y De La Antártica Chilena,3358.0,3905.0,0.0,7263.0,0.5376566157235302,0.037656615723530185
2012,Región De Tarapacá,7473.0,8223.0,0.0,15696.0,0.5238914373088684,0.023891437308868446
2012,Región De Valparaíso,61374.0,64023.0,0.0,125397.0,0.5105624536472164,0.010562453647216419
2012,Región Del Biobío,68716.0,78365.0,0.0,147081.0,0.5328016535106506,0.032801653510650564
2012,Región Del Libertador Gral. Bernardo O'higgins,11820.0,13314.0,0.0,25134.0,0.5297206970637384,0.029720697063738366
2012,Región Del Maule,23930.0,34850.0,0.0,58780.0,0.5928887376658728,0.0928887376658728
2012,Región Metropolitana De Santiago,265560.0,269971.0,0.0,535531.0,0.5041183423555312,0.004118342355531213
2012,Región de Ñuble,0.0,0.0,0.0,0.0,,
2013,Chile,569350.0,615021.0,0.0,1184371.0,0.519280698362253,0.01928069836225299
2013,Región De Antofagasta,21189.0,19516.0,0.0,40705.0,0.47944969905417023,-0.02055030094582977
2013,Región De Arica Y Parinacota,7923.0,8789.0,0.0,16712.0,0.5259095260890378,0.02590952608903785
2013,Región De Atacama,5598.0,5481.0,0.0,11079.0,0.49471974004874086,-0.005280259951259136
2013,Región De Aysén Del Gral. Carlos Ibáñez Del Campo,727.0,996.0,0.0,1723.0,0.5780615206035984,0.07806152060359839
2013,Región De Coquimbo,19231.0,22591.0,0.0,41822.0,0.5401702453254268,0.04017024532542679
2013,Región De La Araucanía,23968.0,29825.0,0.0,53793.0,0.5544401687951964,0.05444016879519642
2013,Región De Los Lagos,16193.0,21845.0,0.0,38038.0,0.5742941269257059,0.07429412692570592
2013,Región De Los Ríos,10229.0,11656.0,0.0,21885.0,0.5326022389764679,0.03260223897646786
2013,Región De Magallanes Y De La Antártica Chilena,3408.0,4017.0,0.0,7425.0,0.541010101010101,0.04101010101010105
2013,Región De Tarapacá,8016.0,8771.0,0.0,16787.0,0.5224876392446536,0.02248763924465358
2013,Región De Valparaíso,64860.0,67575.0,0.0,132435.0,0.510250311473553,0.010250311473553042
2013,Región Del Biobío,73144.0,82271.0,0.0,155415.0,0.5293633175690892,0.029363317569089165
2013,Región Del Libertador Gral. Bernardo O'higgins,12467.0,13904.0,0.0,26371.0,0.5272458382313906,0.027245838231390596
2013,Región Del Maule,25134.0,35923.0,0.0,61057.0,0.5883518679266915,0.08835186792669147
2013,Región Metropolitana De Santiago,277263.0,281861.0,0.0,559124.0,0.5041117891558938,0.00411178915589383
2013,Región de Ñuble,0.0,0.0,0.0,0.0,,
2014,Chile,583345.0,631965.0,0.0,1215310.0,0.5200031267742387,0.020003126774238655
2014,Región De Antofagasta,20823.0,20929.0,0.0,41752.0,0.5012694002682506,0.00126940026825062
2014,Región De Arica Y Parinacota,8162.0,8839.0,0.0,17001.0,0.5199105934945003,0.019910593494500306
2014,Región De Atacama,6083.0,5950.0,0.0,12033.0,0.4944735311227458,-0.00552646887725422
2014,Región De Aysén Del Gral. Carlos Ibáñez Del Campo,819.0,1168.0,0.0,1987.0,0.587820835430297,0.08782083543029695
2014,Región De Coquimbo,19541.0,22736.0,0.0,42277.0,0.5377865032996665,0.037786503299666485
2014,Región De La Araucanía,25002.0,31533.0,0.0,56535.0,0.5577606792252587,0.05776067922525874
2014,Región De Los Lagos,16813.0,23070.0,0.0,39883.0,0.5784419426823458,0.07844194268234583
2014,Región De Los Ríos,10414.0,12001.0,0.0,22415.0,0.5354004015168414,0.03540040151684143
2014,Región De Magallanes Y De La Antártica Chilena,3537.0,4051.0,0.0,7588.0,0.5338692672641012,0.03386926726410122
2014,Región De Tarapacá,8355.0,9164.0,0.0,17519.0,0.5230892174210857,0.023089217421085717
2014,Región De Valparaíso,65818.0,68502.0,0.0,134320.0,0.5099910661107803,0.009991066110780267
2014,Región Del Biobío,74570.0,84775.0,0.0,159345.0,0.5320217138912423,0.03202171389124231
2014,Región Del Libertador Gral. Bernardo O'higgins,13289.0,15176.0,0.0,28465.0,0.5331459687335324,0.03314596873353237
2014,Región Del Maule,22764.0,29020.0,0.0,51784.0,0.5604047582264792,0.06040475822647917
2014,Región Metropolitana De Santiago,287355.0,295051.0,0.0,582406.0,0.5066070747897515,0.0066070747897515325
2014,Región de Ñuble,0.0,0.0,0.0,0.0,,
2015,Chile,592698.0,640345.0,0.0,1233043.0,0.5193208995955534,0.019320899595553387
2015,Región De Antofagasta,21357.0,20956.0,0.0,42313.0,0.4952615035568265,-0.004738496443173479
2015,Región De Arica Y Parinacota,7413.0,8599.0,0.0,16012.0,0.5370347239570322,0.03703472395703222
2015,Región De Atacama,5332.0,5189.0,0.0,10521.0,0.49320406805436745,-0.0067959319456325495
2015,Región De Aysén Del Gral. Carlos Ibáñez Del Campo,832.0,1383.0,0.0,2215.0,0.6243792325056433,0.12437923250564331
2015,Región De Coquimbo,20038.0,22689.0,0.0,42727.0,0.5310225384417347,0.03102253844173475
2015,Región De La Araucanía,25443.0,32332.0,0.0,57775.0,0.5596192124621376,0.05961921246213764
2015,Región De Los Lagos,17622.0,24360.0,0.0,41982.0,0.5802486780048592,0.08024867800485924
2015,Región De Los Ríos,10615.0,12005.0,0.0,22620.0,0.5307250221043325,0.030725022104332478
2015,Región De Magallanes Y De La Antártica Chilena,3684.0,4226.0,0.0,7910.0,0.534260429835651,0.03426042983565103
2015,Región De Tarapacá,8496.0,9624.0,0.0,18120.0,0.5311258278145695,0.031125827814569518
2015,Región De Valparaíso,66559.0,69487.0,0.0,136046.0,0.5107610661099922,0.010761066109992168
2015,Región Del Biobío,75917.0,86477.0,0.0,162394.0,0.5325135165092306,0.03251351650923062
2015,Región Del Libertador Gral. Bernardo O'higgins,13654.0,15239.0,0.0,28893.0,0.5274287889800298,0.02742878898002976
2015,Región Del Maule,23266.0,29712.0,0.0,52978.0,0.5608365736720903,0.06083657367209028
2015,Región Metropolitana De Santiago,292470.0,298067.0,0.0,590537.0,0.5047389071302899,0.004738907130289904
2015,Región de Ñuble,0.0,0.0,0.0,0.0,,
2016,Chile,595564.0,651571.0,0.0,1247135.0,0.5224542651757829,0.02245426517578286
2016,Región De Antofagasta,20550.0,19998.0,0.0,40548.0,0.49319325244155077,-0.006806747558449233
2016,Región De Arica Y Parinacota,7402.0,8814.0,0.0,16216.0,0.5435372471632955,0.043537247163295545
2016,Región De Atacama,5966.0,6162.0,0.0,12128.0,0.508080474934037,0.008080474934036963
2016,Región De Aysén Del Gral. Carlos Ibáñez Del Campo,925.0,1546.0,0.0,2471.0,0.6256576284904897,0.12565762849048967
2016,Región De Coquimbo,20235.0,23366.0,0.0,43601.0,0.5359051397903718,0.0359051397903718
2016,Región De La Araucanía,26015.0,34305.0,0.0,60320.0,0.5687168435013262,0.06871684350132623
2016,Región De Los Lagos,17900.0,24989.0,0.0,42889.0,0.5826435682809112,0.08264356828091124
2016,Región De Los Ríos,11046.0,12333.0,0.0,23379.0,0.5275247016553317,0.027524701655331718
2016,Región De Magallanes Y De La Antártica Chilena,3630.0,4417.0,0.0,8047.0,0.5489002112588542,0.04890021125885424
2016,Región De Tarapacá,8316.0,9490.0,0.0,17806.0,0.5329664158148939,0.0329664158148939
2016,Región De Valparaíso,66403.0,70390.0,0.0,136793.0,0.5145731141213367,0.014573114121336661
2016,Región Del Biobío,75143.0,85614.0,0.0,160757.0,0.5325677886499499,0.032567788649949914
2016,Región Del Libertador Gral. Bernardo O'higgins,13373.0,15456.0,0.0,28829.0,0.5361268167470256,0.03612681674702556
2016,Región Del Maule,24186.0,31163.0,0.0,55349.0,0.5630273356338867,0.06302733563388674
2016,Región Metropolitana De Santiago,294474.0,303528.0,0.0,598002.0,0.5075702087952884,0.007570208795288358
2016,Región de Ñuble,0.0,0.0,0.0,0.0,,
2017,Chile,590946.0,656800.0,0.0,1247746.0,0.526389184978353,0.026389184978352964
2017,Región De Antofagasta,20387.0,20405.0,0.0,40792.0,0.5002206314963719,0.0002206314963718592
2017,Región De Arica Y Parinacota,7399.0,9051.0,0.0,16450.0,0.5502127659574468,0.05021276595744684
2017,Región De Atacama,6036.0,6518.0,0.0,12554.0,0.5191970686633742,0.019197068663374228
2017,Región De Aysén Del Gral. Carlos Ibáñez Del Campo,1007.0,1613.0,0.0,2620.0,0.6156488549618321,0.11564885496183208
2017,Región De Coquimbo,20137.0,23634.0,0.0,43771.0,0.53994653994654,0.03994653994653996
2017,Región De La Araucanía,26164.0,35094.0,0.0,61258.0,0.5728884390610206,0.0728884390610206
2017,Región De Los Lagos,18136.0,25020.0,0.0,43156.0,0.5797571600704421,0.07975716007044209
2017,Región De Los Ríos,11547.0,12794.0,0.0,24341.0,0.5256152171233721,0.025615217123372114
2017,Región De Magallanes Y De La Antártica Chilena,3601.0,4401.0,0.0,8002.0,0.549987503124219,0.04998750312421896
2017,Región De Tarapacá,8222.0,9369.0,0.0,17591.0,0.532601898698198,0.03260189869819796
2017,Región De Valparaíso,65453.0,69684.0,0.0,135137.0,0.5156544839681212,0.01565448396812119
2017,Región Del Biobío,74445.0,85065.0,0.0,159510.0,0.5332894489373707,0.033289448937370736
2017,Región Del Libertador Gral. Bernardo O'higgins,13275.0,15682.0,0.0,28957.0,0.5415616258590323,0.041561625859032336
2017,Región Del Maule,24423.0,31153.0,0.0,55576.0,0.5605477184396143,0.06054771843961426
2017,Región Metropolitana De Santiago,290714.0,307317.0,0.0,598031.0,0.5138813874197157,0.013881387419715674
2017,Región de Ñuble,0.0,0.0,0.0,0.0,,
2018,Chile,593497.0,669274.0,0.0,1262771.0,0.5300042525525214,0.03000425255252137
2018,Región De Antofagasta,20577.0,20637.0,0.0,41214.0,0.5007279079924297,0.0007279079924297216
2018,Región De Arica Y Parinacota,7604.0,9665.0,0.0,17269.0,0.5596734032080607,0.059673403208060694
2018,Región De Atacama,5985.0,6760.0,0.0,12745.0,0.5304040800313848,0.03040408003138484
2018,Región De Aysén Del Gral. Carlos Ibáñez Del Campo,1080.0,1682.0,0.0,2762.0,0.6089790007241129,0.10897900072411293
2018,Región De Coquimbo,20257.0,24449.0,0.0,44706.0,0.5468840871471391,0.0468840871471391
2018,Región De La Araucanía,26116.0,34799.0,0.0,60915.0,0.5712714438151523,0.07127144381515227
2018,Región De Los Lagos,18349.0,25390.0,0.0,43739.0,0.5804888086147374,0.0804888086147374
2018,Región De Los Ríos,12162.0,13923.0,0.0,26085.0,0.533755031627372,0.033755031627372034
2018,Región De Magallanes Y De La Antártica Chilena,3584.0,4416.0,0.0,8000.0,0.552,0.052000000000000046
2018,Región De Tarapacá,8778.0,10291.0,0.0,19069.0,0.5396717184959883,0.03967171849598827
2018,Región De Valparaíso,65328.0,69958.0,0.0,135286.0,0.5171118962789941,0.01711189627899412
2018,Región Del Biobío,72622.0,84638.0,0.0,157260.0,0.5382042477425919,0.0382042477425919
2018,Región Del Libertador Gral. Bernardo O'higgins,13082.0,15745.0,0.0,28827.0,0.546189336386027,0.04618933638602696
2018,Región Del Maule,25051.0,32111.0,0.0,57162.0,0.5617543123053776,0.061754312305377645
2018,Región Metropolitana De Santiago,292922.0,314810.0,0.0,607732.0,0.518007937709385,0.018007937709385025
2018,Región de Ñuble,0.0,0.0,0.0,0.0,,
2019,Chile,672859.0,672859.0,0.0,1268510.0,0.5304325547295646,0.03043255472956463
2019,Región De Antofagasta,20455.0,20583.0,0.0,41038.0,0.5015595301915298,0.0015595301915297677
2019,Región De Arica Y Parinacota,7743.0,9633.0,0.0,17376.0,0.554385359116022,0.05438535911602205
2019,Región De Atacama,6124.0,6960.0,0.0,13084.0,0.5319474166921431,0.03194741669214307
2019,Región De Aysén Del Gral. Carlos Ibáñez Del Campo,1087.0,1765.0,0.0,2852.0,0.6188639551192145,0.11886395511921455
2019,Región De Coquimbo,20520.0,24531.0,0.0,45051.0,0.5445162149563828,0.044516214956382805
2019,Región De La Araucanía,26274.0,34471.0,0.0,60745.0,0.5674705737097704,0.06747057370977039
2019,Región De Los Lagos,18197.0,25323.0,0.0,43520.0,0.5818704044117647,0.08187040441176474
2019,Región De Los Ríos,12479.0,14239.0,0.0,26718.0,0.5329365970506774,0.03293659705067742
2019,Región De Magallanes Y De La Antártica Chilena,3571.0,4218.0,0.0,7789.0,0.5415329310566183,0.04153293105661826
2019,Región De Tarapacá,8983.0,10752.0,0.0,19735.0,0.5448188497593108,0.04481884975931083
2019,Región De Valparaíso,65025.0,69724.0,0.0,134749.0,0.5174361219749312,0.017436121974931162
2019,Región Del Biobío,61538.0,70041.0,0.0,131579.0,0.5323113870754451,0.03231138707544512
2019,Región Del Libertador Gral. Bernardo O'higgins,13007.0,15437.0,0.0,28444.0,0.5427155111798622,0.042715511179862165
2019,Región Del Maule,25795.0,32921.0,0.0,58716.0,0.5606819265617549,0.06068192656175486
2019,Región Metropolitana De Santiago,294631.0,318750.0,0.0,613381.0,0.5196607002825324,0.019660700282532417
2019,Región de Ñuble,10222.0,13511.0,0.0,23733.0,0.569291703535162,0.06929170353516201
2020,Chile,568968.0,652049.0,0.0,1221017.0,0.5340212298436467,0.03402122984364675
2020,Región De Antofagasta,19104.0,19943.0,0.0,39047.0,0.5107434630061208,0.010743463006120835
2020,Región De Arica Y Parinacota,7427.0,9361.0,0.0,16788.0,0.5576006671431976,0.05760066714319756
2020,Región De Atacama,5566.0,6523.0,0.0,12089.0,0.5395814376706096,0.03958143767060962
2020,Región De Aysén Del Gral. Carlos Ibáñez Del Campo,1109.0,1779.0,0.0,2888.0,0.6159972299168975,0.11599722991689754
2020,Región De Coquimbo,19115.0,23543.0,0.0,42658.0,0.5519011674246331,0.05190116742463313
2020,Región De La Araucanía,25620.0,33064.0,0.0,58684.0,0.5634244427782701,0.06342444277827008
2020,Región De Los Lagos,17585.0,24539.0,0.0,42124.0,0.5825420188016333,0.08254201880163325
2020,Región De Los Ríos,12427.0,14284.0,0.0,26711.0,0.5347609599041593,0.03476095990415928
2020,Región De Magallanes Y De La Antártica Chilena,3170.0,3864.0,0.0,7034.0,0.5493318168893944,0.049331816889394364
2020,Región De Tarapacá,8236.0,10490.0,0.0,18726.0,0.560183701804977,0.06018370180497701
2020,Región De Valparaíso,61983.0,68134.0,0.0,130117.0,0.5236364195301152,0.023636419530115194
2020,Región Del Biobío,59577.0,68166.0,0.0,127743.0,0.5336182804537235,0.033618280453723504
2020,Región Del Libertador Gral. Bernardo O'higgins,12395.0,14873.0,0.0,27268.0,0.545437875898489,0.04543787589848902
2020,Región Del Maule,25461.0,32762.0,0.0,58223.0,0.5626985899043333,0.0626985899043333
2020,Región Metropolitana De Santiago,280249.0,307761.0,0.0,588010.0,0.5233941599632659,0.02339415996326588
2020,Región de Ñuble,9944.0,12963.0,0.0,22907.0,0.5658968874143275,0.06589688741432753
2021,Chile,593549.0,701190.0,0.0,1294739.0,0.5415686095807727,0.041568609580772686
2021,Región De Antofagasta,19367.0,20270.0,0.0,39637.0,0.5113908721648964,0.011390872164896426
2021,Región De Arica Y Parinacota,7644.0,9914.0,0.0,17558.0,0.5646428978243536,0.06464289782435362
2021,Región De Atacama,6166.0,7112.0,0.0,13278.0,0.5356228347642717,0.03562283476427175
2021,Región De Aysén Del Gral. Carlos Ibáñez Del Campo,1039.0,1831.0,0.0,2870.0,0.6379790940766551,0.1379790940766551
2021,Región De Coquimbo,20403.0,25162.0,0.0,45565.0,0.55222210029628,0.05222210029628005
2021,Región De La Araucanía,26035.0,35726.0,0.0,61761.0,0.5784556597205356,0.07845565972053559
2021,Región De Los Lagos,17135.0,24966.0,0.0,42101.0,0.5930025415073276,0.09300254150732756
2021,Región De Los Ríos,12307.0,15264.0,0.0,27571.0,0.5536251858837185,0.05362518588371845
2021,Región De Magallanes Y De La Antártica Chilena,3134.0,4052.0,0.0,7186.0,0.5638741998330087,0.06387419983300868
2021,Región De Tarapacá,8382.0,10892.0,0.0,19274.0,0.5651136245719622,0.06511362457196224
2021,Región De Valparaíso,62597.0,71379.0,0.0,133976.0,0.532774526780916,0.03277452678091597
2021,Región Del Biobío,59942.0,70845.0,0.0,130787.0,0.5416822772905564,0.0416822772905564
2021,Región Del Libertador Gral. Bernardo O'higgins,12073.0,15015.0,0.0,27088.0,0.5543044890726521,0.05430448907265206
2021,Región Del Maule,25190.0,34419.0,0.0,59609.0,0.5774128067909209,0.07741280679092089
2021,Región Metropolitana De Santiago,302269.0,341216.0,0.0,643485.0,0.5302625546827043,0.030262554682704335
2021,Región de Ñuble,9866.0,13127.0,0.0,22993.0,0.5709128865306833,0.07091288653068328
2022,Chile,601393.0,700532.0,0.0,1301925.0,0.5380740057991051,0.03807400579910514
2022,Región De Antofagasta,18498.0,19594.0,0.0,38092.0,0.5143862228289404,0.01438622282894042
2022,Región De Arica Y Parinacota,7452.0,9327.0,0.0,16779.0,0.5558734131950652,0.055873413195065225
2022,Región De Atacama,5897.0,6716.0,0.0,12613.0,0.5324665028145564,0.03246650281455643
2022,Región De Aysén Del Gral. Carlos Ibáñez Del Campo,1005.0,1560.0,0.0,2565.0,0.6081871345029239,0.10818713450292394
2022,Región De Coquimbo,20322.0,24772.0,0.0,45094.0,0.5493413757927884,0.04934137579278841
2022,Región De La Araucanía,25750.0,34998.0,0.0,60748.0,0.5761177322710213,0.07611773227102125
2022,Región De Los Lagos,17625.0,24756.0,0.0,42381.0,0.5841296807531677,0.08412968075316773
2022,Región De Los Ríos,12476.0,15493.0,0.0,27969.0,0.553934713432729,0.05393471343272904
2022,Región De Magallanes Y De La Antártica Chilena,3081.0,3729.0,0.0,6810.0,0.5475770925110132,0.047577092511013164
2022,Región De Tarapacá,8070.0,10390.0,0.0,18460.0,0.5628385698808234,0.06283856988082337
2022,Región De Valparaíso,61448.0,69854.0,0.0,131302.0,0.5320101750163745,0.03201017501637449
2022,Región Del Biobío,60347.0,69323.0,0.0,129670.0,0.5346109354515308,0.03461093545153082
2022,Región Del Libertador Gral. Bernardo O'higgins,12081.0,14867.0,0.0,26948.0,0.551692147840285,0.051692147840284974
2022,Región Del Maule,24795.0,33373.0,0.0,58168.0,0.5737346994911291,0.0737346994911291
2022,Región Metropolitana De Santiago,312748.0,349329.0,0.0,662077.0,0.5276259407893644,0.027625940789364423
2022,Región de Ñuble,9798.0,12451.0,0.0,22249.0,0.5596206571081846,0.05962065710818465
2023,Chile,623563.0,717883.0,2.0,1341448.0,0.5351552948753884,0.035155294875388376
2023,Región De Antofagasta,18263.0,19397.0,0.0,37660.0,0.5150557620817844,0.015055762081784385
2023,Región De Arica Y Parinacota,7787.0,9370.0,0.0,17157.0,0.5461327737949525,0.04613277379495251
2023,Región De Atacama,5839.0,6701.0,0.0,12540.0,0.5343700159489633,0.03437001594896327
2023,Región De Aysén Del Gral. Carlos Ibáñez Del Campo,1041.0,1435.0,0.0,2476.0,0.5795638126009693,0.07956381260096934
2023,Región De Coquimbo,20849.0,24807.0,0.0,45656.0,0.543345891011039,0.04334589101103903
2023,Región De La Araucanía,26204.0,35058.0,0.0,61262.0,0.572263393294375,0.07226339329437503
2023,Región De Los Lagos,18594.0,25064.0,0.0,43658.0,0.5740986760731137,0.07409867607311371
2023,Región De Los Ríos,12923.0,15945.0,0.0,28868.0,0.5523416932243315,0.052341693224331465
2023,Región De Magallanes Y De La Antártica Chilena,3315.0,3841.0,0.0,7156.0,0.5367523756288429,0.036752375628842926
2023,Región De Tarapacá,8269.0,10537.0,0.0,18806.0,0.5602999042858662,0.06029990428586618
2023,Región De Valparaíso,61626.0,69856.0,0.0,131482.0,0.5312970596735674,0.03129705967356744
2023,Región Del Biobío,60844.0,70329.0,0.0,131173.0,0.5361545439991462,0.036154543999146194
2023,Región Del Libertador Gral. Bernardo O'higgins,13203.0,15437.0,0.0,28640.0,0.5390013966480447,0.039001396648044695
2023,Región Del Maule,25874.0,33438.0,0.0,59312.0,0.5637644995953601,0.06376449959536012
2023,Región Metropolitana De Santiago,328761.0,363876.0,2.0,692639.0,0.5253472588173638,0.02534725881736377
2023,Región de Ñuble,10171.0,12792.0,0.0,22963.0,0.5570700692418238,0.057070069241823784
2024,Chile,647286.0,738799.0,14.0,1386099.0,0.5330059396911765,0.03300593969117649
2024,Región De Antofagasta,18057.0,19134.0,0.0,37191.0,0.5144793095103654,0.014479309510365357
2024,Región De Arica Y Parinacota,7901.0,9498.0,0.0,17399.0,0.5458934421518478,0.04589344215184776
2024,Región De Atacama,5912.0,6739.0,0.0,12651.0,0.5326851632282033,0.03268516322820325
2024,Región De Aysén Del Gral. Carlos Ibáñez Del Campo,1011.0,1298.0,0.0,2309.0,0.5621481160675618,0.062148116067561765
2024,Región De Coquimbo,21389.0,25248.0,0.0,46637.0,0.5413727298068057,0.04137272980680573
2024,Región De La Araucanía,26983.0,35508.0,3.0,62494.0,0.5681825455243703,0.06818254552437031
2024,Región De Los Lagos,19209.0,25063.0,0.0,44272.0,0.566114022406939,0.06611402240693898
2024,Región De Los Ríos,12955.0,15924.0,0.0,28879.0,0.5514041344921916,0.05140413449219161
2024,Región De Magallanes Y De La Antártica Chilena,3513.0,3921.0,0.0,7434.0,0.5274414850686037,0.027441485068603666
2024,Región De Tarapacá,8330.0,10684.0,0.0,19014.0,0.5619017566003998,0.06190175660039976
2024,Región De Valparaíso,61807.0,70806.0,0.0,132613.0,0.5339295544177418,0.033929554417741814
2024,Región Del Biobío,61704.0,70773.0,0.0,132477.0,0.5342285830747979,0.034228583074797925
2024,Región Del Libertador Gral. Bernardo O'higgins,13771.0,15870.0,0.0,29641.0,0.5354070375493405,0.03540703754934049
2024,Región Del Maule,26941.0,34096.0,0.0,61037.0,0.5586119894490227,0.05861198944902268
2024,Región Metropolitana De Santiago,347269.0,381156.0,11.0,728436.0,0.5232525575342241,0.02325255753422406
2024,Región de Ñuble,10534.0,13081.0,0.0,23615.0,0.5539275883972051,0.05392758839720513
2025,Chile,679989.0,775623.0,27.0,1455639.0,0.5328402165646839,0.032840216564683944
2025,Región De Antofagasta,18369.0,19752.0,0.0,38121.0,0.5181396080900291,0.018139608090029125
2025,Región De Arica Y Parinacota,7776.0,9777.0,0.0,17553.0,0.5569988036233122,0.05699880362331222
2025,Región De Atacama,6003.0,6904.0,0.0,12907.0,0.5349035407143411,0.0349035407143411
2025,Región De Aysén Del Gral. Carlos Ibáñez Del Campo,1265.0,1534.0,0.0,2799.0,0.5480528760271526,0.04805287602715258
2025,Región De Coquimbo,21866.0,25640.0,2.0,47508.0,0.5396985770817546,0.039698577081754616
2025,Región De La Araucanía,30624.0,40886.0,1.0,71511.0,0.5717442071849086,0.07174420718490859
2025,Región De Los Lagos,20181.0,25890.0,0.0,46071.0,0.5619587158950315,0.061958715895031546
2025,Región De Los Ríos,13141.0,16176.0,1.0,29318.0,0.5517429565454669,0.0517429565454669
2025,Región De Magallanes Y De La Antártica Chilena,3682.0,4126.0,0.0,7808.0,0.5284323770491803,0.028432377049180335
2025,Región De Tarapacá,8750.0,11514.0,0.0,20264.0,0.5681997631267272,0.06819976312672715
2025,Región De Valparaíso,62253.0,73389.0,1.0,135643.0,0.5410452437648828,0.04104524376488283
2025,Región Del Biobío,61913.0,71114.0,1.0,133028.0,0.5345791863367111,0.03457918633671109
2025,Región Del Libertador Gral. Bernardo O'higgins,14494.0,16774.0,1.0,31269.0,0.5364418433592376,0.03644184335923761
2025,Región Del Maule,27986.0,35259.0,0.0,63245.0,0.5574986164914223,0.057498616491422294
2025,Región Metropolitana De Santiago,371064.0,403903.0,19.0,774986.0,0.5211745760568578,0.021174576056857797
2025,Región de Ñuble,10622.0,12985.0,1.0,23608.0,0.5500254151135209,0.05002541511352088
