anio,Tecnología,Ciencias Básicas,Administración y Comercio,Derecho,Agropecuaria,Arte y Arquitectura,Humanidades,Ciencias Sociales,Salud,Educación
2007,17.7,49.1,50.4,53.5,44.9,47.1,61.1,65.2,71.3,68.4
2008,18.7,49.7,51.4,52.7,45.4,48.2,61.1,65.2,72.0,67.8
2009,19.6,49.5,52.8,52.9,45.8,49.0,62.0,65.5,72.8,68.2
2010,19.7,48.3,53.1,52.1,45.9,49.3,61.6,65.6,73.4,68.5
2011,20.1,47.3,53.3,52.0,46.8,50.0,62.0,65.8,73.9,68.9
2012,21.1,45.8,53.8,52.3,47.1,50.9,61.2,66.1,74.5,69.6
2013,23.2,44.3,53.9,51.6,47.0,51.4,61.0,66.4,74.5,70.1
2014,23.1,44.8,54.6,52.0,49.2,52.3,61.5,66.8,75.4,71.3
2015,22.6,44.8,54.7,52.7,50.1,53.0,61.2,66.7,75.9,71.7
2016,21.6,44.5,54.9,53.3,50.4,53.4,62.1,67.5,76.0,73.1
2017,20.7,44.5,54.9,54.4,50.9,54.5,61.6,68.0,75.8,74.5
2018,19.9,44.9,55.0,54.6,52.0,55.3,61.0,67.9,75.8,75.5
2019,19.1,44.6,54.8,55.0,53.2,56.4,60.8,68.1,75.7,75.7
2020,19.0,44.2,55.0,55.7,55.3,58.1,61.8,68.6,75.6,75.7
2021,19.4,44.7,55.4,56.6,57.8,59.7,62.1,69.6,75.9,75.7
2022,19.2,43.9,54.9,57.0,59.1,61.0,63.8,69.9,75.7,75.4
2023,19.1,43.9,54.7,57.2,60.7,61.7,64.2,70.0,75.3,75.1
2024,19.5,43.2,54.6,57.3,61.7,62.4,64.9,70.3,74.8,75.0
2025,20.2,43.0,54.9,57.8,63.1,63.2,65.7,70.6,74.5,75.2
2026,21.1,43.2,55.5,58.7,64.0,64.5,66.2,70.7,74.5,75.2
