anio,Tecnología de la Información y la Comunicación (TIC),"Ingeniería, Industria y Construcción","Ciencias naturales, matemáticas y estadística",Servicios,Administración de Empresas y Derecho,Artes y Humanidades,"Agricultura, Silvicultura, Pesca y Veterinaria","Ciencias Sociales, Periodismo e Información",Salud y Bienestar,Educación
2007,13.4,19.5,49.0,42.7,51.3,50.2,44.9,62.3,72.9,70.7
2008,13.8,19.7,49.4,43.6,51.5,50.9,45.4,62.0,73.3,70.3
2009,13.6,19.8,49.5,44.1,52.5,51.4,45.8,62.0,74.0,71.0
2010,13.1,19.3,48.3,43.9,52.5,51.2,45.9,61.5,74.4,71.6
2011,12.1,18.8,47.3,43.8,52.7,51.7,46.8,61.6,74.8,72.4
2012,11.6,18.6,46.0,44.6,53.1,51.9,47.1,61.7,75.3,73.4
2013,12.7,19.5,44.5,45.5,53.1,51.6,47.0,61.8,75.2,74.2
2014,10.9,18.8,44.9,46.6,53.8,52.0,49.2,62.1,76.1,75.6
2015,10.6,19.0,44.8,46.7,54.1,51.8,50.0,62.1,76.4,76.4
2016,10.4,19.1,44.5,46.9,54.7,51.7,50.4,62.6,76.6,78.0
2017,10.4,19.4,44.5,47.9,55.1,52.0,50.9,62.6,76.5,79.7
2018,10.4,19.7,45.0,48.9,55.1,52.1,52.0,62.6,76.5,80.9
2019,10.7,19.9,44.9,49.3,55.4,52.3,53.2,63.0,76.5,81.2
2020,11.2,20.6,44.5,50.8,55.8,53.4,55.3,63.4,76.5,81.0
2021,11.6,21.3,45.1,52.1,56.2,54.6,57.8,64.1,76.9,80.8
2022,12.0,21.1,44.3,52.6,55.9,55.4,59.1,64.9,76.8,80.9
2023,12.5,21.0,44.6,52.9,55.8,56.2,60.7,65.5,76.5,80.9
2024,13.6,21.2,44.1,52.9,55.9,57.6,61.7,66.4,76.1,81.2
2025,14.4,21.7,43.8,53.3,56.3,58.6,63.2,67.3,75.8,81.6
2026,15.1,22.4,44.1,54.9,56.8,59.4,64.1,67.9,75.7,81.6
