Unidad territorial, Variable, 1984, 1985, 1986, 1987, 1988, 1989, 1990, 1991, 1992, 1993, 1994, 1995, 1996, 1997, 1998, 1999, 2000, 2001, 2002, 2003, 2004, 2005, 2006, 2007, 2008, 2009, 2010, 2011, 2012, 2013, 2014, 2015, 2016, 2017, 2018, 2019, 2020, 2021, 2022, 2023, 2024, 2025
Chile, Matricula Hombre en Educación Superior, 108467.0, 113446.0, 119711.0, 124839.0, 128663.0, 129139.0, 137771.0, 137239.0, 155906.0, 171985.0, 176699.0, 187294.0, 200261.0, 205158.0, 219221.0, 224979.0, 238978.0, 256680.0, 273959.0, 295836.0, 303789.0, 321936.0, 336146.0, 391405.0, 409840.0, 438865.0, 482388.0, 517065.0, 540106.0, 569350.0, 583345.0, 592698.0, 595564.0, 590946.0, 593497.0, 672859.0, 568968.0, 593549.0, 601393.0, 623563.0, 647286.0, 679989.0
Chile, Matricula Mujer en Educación Superior, 80684.0, 87694.0, 94663.0, 99673.0, 104532.0, 100969.0, 111711.0, 112870.0, 129793.0, 144035.0, 150375.0, 157648.0, 166927.0, 175445.0, 187332.0, 199695.0, 213347.0, 226602.0, 247923.0, 271278.0, 280989.0, 297066.0, 324996.0, 385495.0, 409957.0, 452854.0, 503230.0, 552036.0, 586814.0, 615021.0, 631965.0, 640345.0, 651571.0, 656800.0, 669274.0, 672859.0, 652049.0, 701190.0, 700532.0, 717883.0, 738799.0, 775623.0
Chile, Matricula No Binaria en Educación Superior, -, -, -, -, -, -, -, -, -, -, -, -, -, -, -, -, -, -, -, -, -, -, -, -, -, -, -, -, -, -, -, -, -, -, -, -, -, -, -, 2.0, 14.0, 27.0
Chile, Matricula Total en Educación Superior, 189151.0, 201140.0, 214374.0, 224512.0, 233195.0, 230108.0, 249482.0, 250109.0, 285699.0, 316020.0, 327074.0, 344942.0, 367188.0, 380603.0, 406553.0, 424674.0, 452325.0, 483282.0, 521882.0, 567114.0, 584778.0, 619002.0, 661142.0, 776900.0, 819797.0, 891719.0, 985618.0, 1069101.0, 1126920.0, 1184371.0, 1215310.0, 1233043.0, 1247135.0, 1247746.0, 1262771.0, 1268510.0, 1221017.0, 1294739.0, 1301925.0, 1341448.0, 1386099.0, 1455639.0
Región De Arica Y Parinacota, Matricula Hombre en Educación Superior, -, -, -, -, -, -, -, -, -, -, -, -, -, -, -, -, -, -, -, -, -, -, -, -, 6575.0, 6375.0, 7053.0, 7035.0, 7348.0, 7923.0, 8162.0, 7413.0, 7402.0, 7399.0, 7604.0, 7743.0, 7427.0, 7644.0, 7452.0, 7787.0, 7901.0, 7776.0
Región De Arica Y Parinacota, Matricula Mujer en Educación Superior, -, -, -, -, -, -, -, -, -, -, -, -, -, -, -, -, -, -, -, -, -, -, -, -, 6854.0, 6979.0, 7609.0, 7798.0, 8125.0, 8789.0, 8839.0, 8599.0, 8814.0, 9051.0, 9665.0, 9633.0, 9361.0, 9914.0, 9327.0, 9370.0, 9498.0, 9777.0
Región De Arica Y Parinacota, Matricula No Binaria en Educación Superior, -, -, -, -, -, -, -, -, -, -, -, -, -, -, -, -, -, -, -, -, -, -, -, -, -, -, -, -, -, -, -, -, -, -, -, -, -, -, -, 0.0, 0.0, 0.0
Región De Arica Y Parinacota, Matricula Total en Educación Superior, -, -, -, -, -, -, -, -, -, -, -, -, -, -, -, -, -, -, -, -, -, -, -, -, 13429.0, 13354.0, 14662.0, 14833.0, 15473.0, 16712.0, 17001.0, 16012.0, 16216.0, 16450.0, 17269.0, 17376.0, 16788.0, 17558.0, 16779.0, 17157.0, 17399.0, 17553.0
Región De Tarapacá, Matricula Hombre en Educación Superior, 4071.0, 4089.0, 4090.0, 4317.0, 4278.0, 4159.0, 4202.0, 4998.0, 5055.0, 4951.0, 5163.0, 5433.0, 5634.0, 6293.0, 5448.0, 6269.0, 6455.0, 6796.0, 8357.0, 5180.0, 5416.0, 9425.0, 11016.0, 12280.0, 6703.0, 6986.0, 7647.0, 7571.0, 7473.0, 8016.0, 8355.0, 8496.0, 8316.0, 8222.0, 8778.0, 8983.0, 8236.0, 8382.0, 8070.0, 8269.0, 8330.0, 8750.0
Región De Tarapacá, Matricula Mujer en Educación Superior, 2871.0, 3064.0, 3129.0, 3320.0, 3098.0, 2630.0, 3253.0, 3915.0, 4077.0, 4472.0, 4435.0, 4498.0, 4721.0, 4985.0, 4654.0, 5858.0, 5997.0, 6436.0, 8031.0, 8314.0, 8628.0, 9584.0, 11163.0, 12303.0, 6584.0, 7319.0, 7895.0, 8145.0, 8223.0, 8771.0, 9164.0, 9624.0, 9490.0, 9369.0, 10291.0, 10752.0, 10490.0, 10892.0, 10390.0, 10537.0, 10684.0, 11514.0
Región De Tarapacá, Matricula No Binaria en Educación Superior, -, -, -, -, -, -, -, -, -, -, -, -, -, -, -, -, -, -, -, -, -, -, -, -, -, -, -, -, -, -, -, -, -, -, -, -, -, -, -, 0.0, 0.0, 0.0
Región De Tarapacá, Matricula Total en Educación Superior, 6942.0, 7153.0, 7219.0, 7637.0, 7376.0, 6789.0, 7455.0, 8913.0, 9132.0, 9423.0, 9598.0, 9931.0, 10355.0, 11278.0, 10102.0, 12127.0, 12452.0, 13232.0, 16388.0, 13494.0, 14044.0, 19009.0, 22179.0, 24583.0, 13287.0, 14305.0, 15542.0, 15716.0, 15696.0, 16787.0, 17519.0, 18120.0, 17806.0, 17591.0, 19069.0, 19735.0, 18726.0, 19274.0, 18460.0, 18806.0, 19014.0, 20264.0
Región De Antofagasta, Matricula Hombre en Educación Superior, 5698.0, 5110.0, 5771.0, 5403.0, 5783.0, 4278.0, 5089.0, 4473.0, 5884.0, 7382.0, 7479.0, 7990.0, 10060.0, 10101.0, 10741.0, 10434.0, 10567.0, 11290.0, 12588.0, 11623.0, 11271.0, 12982.0, 13002.0, 14924.0, 15643.0, 17040.0, 18420.0, 19002.0, 19522.0, 21189.0, 20823.0, 21357.0, 20550.0, 20387.0, 20577.0, 20455.0, 19104.0, 19367.0, 18498.0, 18263.0, 18057.0, 18369.0
Región De Antofagasta, Matricula Mujer en Educación Superior, 3636.0, 3546.0, 4061.0, 3658.0, 4049.0, 3191.0, 4006.0, 3348.0, 4680.0, 4927.0, 5457.0, 5698.0, 7919.0, 7995.0, 9312.0, 8559.0, 8723.0, 8507.0, 10739.0, 10119.0, 9350.0, 10490.0, 10729.0, 13790.0, 14765.0, 16386.0, 17834.0, 18550.0, 18904.0, 19516.0, 20929.0, 20956.0, 19998.0, 20405.0, 20637.0, 20583.0, 19943.0, 20270.0, 19594.0, 19397.0, 19134.0, 19752.0
Región De Antofagasta, Matricula No Binaria en Educación Superior, -, -, -, -, -, -, -, -, -, -, -, -, -, -, -, -, -, -, -, -, -, -, -, -, -, -, -, -, -, -, -, -, -, -, -, -, -, -, -, 0.0, 0.0, 0.0
Región De Antofagasta, Matricula Total en Educación Superior, 9334.0, 8656.0, 9832.0, 9061.0, 9832.0, 7469.0, 9095.0, 7821.0, 10564.0, 12309.0, 12936.0, 13688.0, 17979.0, 18096.0, 20053.0, 18993.0, 19290.0, 19797.0, 23327.0, 21742.0, 20621.0, 23472.0, 23731.0, 28714.0, 30408.0, 33426.0, 36254.0, 37552.0, 38426.0, 40705.0, 41752.0, 42313.0, 40548.0, 40792.0, 41214.0, 41038.0, 39047.0, 39637.0, 38092.0, 37660.0, 37191.0, 38121.0
Región De Atacama, Matricula Hombre en Educación Superior, 1365.0, 1402.0, 1327.0, 1538.0, 1195.0, 1207.0, 1324.0, 1282.0, 1236.0, 1434.0, 1530.0, 1577.0, 2254.0, 1463.0, 2263.0, 2222.0, 2263.0, 2992.0, 2961.0, 2277.0, 2666.0, 2708.0, 3041.0, 3550.0, 4090.0, 4202.0, 4702.0, 5273.0, 5277.0, 5598.0, 6083.0, 5332.0, 5966.0, 6036.0, 5985.0, 6124.0, 5566.0, 6166.0, 5897.0, 5839.0, 5912.0, 6003.0
Región De Atacama, Matricula Mujer en Educación Superior, 728.0, 735.0, 787.0, 810.0, 639.0, 688.0, 841.0, 888.0, 991.0, 1101.0, 1091.0, 1155.0, 1382.0, 1098.0, 1490.0, 1389.0, 1565.0, 1965.0, 1866.0, 1934.0, 1928.0, 2116.0, 2511.0, 3278.0, 3707.0, 4003.0, 4406.0, 5009.0, 5447.0, 5481.0, 5950.0, 5189.0, 6162.0, 6518.0, 6760.0, 6960.0, 6523.0, 7112.0, 6716.0, 6701.0, 6739.0, 6904.0
Región De Atacama, Matricula No Binaria en Educación Superior, -, -, -, -, -, -, -, -, -, -, -, -, -, -, -, -, -, -, -, -, -, -, -, -, -, -, -, -, -, -, -, -, -, -, -, -, -, -, -, 0.0, 0.0, 0.0
Región De Atacama, Matricula Total en Educación Superior, 2093.0, 2137.0, 2114.0, 2348.0, 1834.0, 1895.0, 2165.0, 2170.0, 2227.0, 2535.0, 2621.0, 2732.0, 3636.0, 2561.0, 3753.0, 3611.0, 3828.0, 4957.0, 4827.0, 4211.0, 4594.0, 4824.0, 5552.0, 6828.0, 7797.0, 8205.0, 9108.0, 10282.0, 10724.0, 11079.0, 12033.0, 10521.0, 12128.0, 12554.0, 12745.0, 13084.0, 12089.0, 13278.0, 12613.0, 12540.0, 12651.0, 12907.0
Región De Coquimbo, Matricula Hombre en Educación Superior, 3490.0, 3461.0, 3665.0, 3805.0, 3792.0, 3591.0, 3556.0, 3544.0, 4465.0, 4637.0, 4947.0, 5906.0, 6355.0, 6906.0, 7175.0, 7362.0, 7668.0, 8036.0, 8990.0, 10238.0, 10245.0, 10878.0, 12365.0, 12837.0, 14113.0, 15108.0, 16638.0, 17474.0, 18302.0, 19231.0, 19541.0, 20038.0, 20235.0, 20137.0, 20257.0, 20520.0, 19115.0, 20403.0, 20322.0, 20849.0, 21389.0, 21866.0
Región De Coquimbo, Matricula Mujer en Educación Superior, 2628.0, 2774.0, 2761.0, 2987.0, 3167.0, 3131.0, 3126.0, 2783.0, 4212.0, 4723.0, 5072.0, 5496.0, 5803.0, 6218.0, 6760.0, 7155.0, 7177.0, 7450.0, 8427.0, 9524.0, 9729.0, 11138.0, 11545.0, 13425.0, 15062.0, 17207.0, 19211.0, 20671.0, 22112.0, 22591.0, 22736.0, 22689.0, 23366.0, 23634.0, 24449.0, 24531.0, 23543.0, 25162.0, 24772.0, 24807.0, 25248.0, 25640.0
Región De Coquimbo, Matricula No Binaria en Educación Superior, -, -, -, -, -, -, -, -, -, -, -, -, -, -, -, -, -, -, -, -, -, -, -, -, -, -, -, -, -, -, -, -, -, -, -, -, -, -, -, 0.0, 0.0, 2.0
Región De Coquimbo, Matricula Total en Educación Superior, 6118.0, 6235.0, 6426.0, 6792.0, 6959.0, 6722.0, 6682.0, 6327.0, 8677.0, 9360.0, 10019.0, 11402.0, 12158.0, 13124.0, 13935.0, 14517.0, 14845.0, 15486.0, 17417.0, 19762.0, 19974.0, 22016.0, 23910.0, 26262.0, 29175.0, 32315.0, 35849.0, 38145.0, 40414.0, 41822.0, 42277.0, 42727.0, 43601.0, 43771.0, 44706.0, 45051.0, 42658.0, 45565.0, 45094.0, 45656.0, 46637.0, 47508.0
Región De Valparaíso, Matricula Hombre en Educación Superior, 13157.0, 13847.0, 14529.0, 14413.0, 15455.0, 15458.0, 16510.0, 16758.0, 18065.0, 19860.0, 20157.0, 21890.0, 23472.0, 26075.0, 26743.0, 28409.0, 30546.0, 32402.0, 35278.0, 37982.0, 39630.0, 40141.0, 43961.0, 48123.0, 50620.0, 53353.0, 57366.0, 60644.0, 61374.0, 64860.0, 65818.0, 66559.0, 66403.0, 65453.0, 65328.0, 65025.0, 61983.0, 62597.0, 61448.0, 61626.0, 61807.0, 62253.0
Región De Valparaíso, Matricula Mujer en Educación Superior, 9390.0, 10608.0, 11774.0, 12324.0, 12969.0, 12770.0, 13942.0, 14359.0, 15678.0, 17061.0, 17548.0, 18803.0, 19340.0, 21492.0, 24461.0, 26352.0, 29267.0, 30358.0, 34673.0, 36397.0, 36804.0, 38550.0, 43997.0, 46142.0, 50357.0, 54025.0, 58804.0, 62463.0, 64023.0, 67575.0, 68502.0, 69487.0, 70390.0, 69684.0, 69958.0, 69724.0, 68134.0, 71379.0, 69854.0, 69856.0, 70806.0, 73389.0
Región De Valparaíso, Matricula No Binaria en Educación Superior, -, -, -, -, -, -, -, -, -, -, -, -, -, -, -, -, -, -, -, -, -, -, -, -, -, -, -, -, -, -, -, -, -, -, -, -, -, -, -, 0.0, 0.0, 1.0
Región De Valparaíso, Matricula Total en Educación Superior, 22547.0, 24455.0, 26303.0, 26737.0, 28424.0, 28228.0, 30452.0, 31117.0, 33743.0, 36921.0, 37705.0, 40693.0, 42812.0, 47567.0, 51204.0, 54761.0, 59813.0, 62760.0, 69951.0, 74379.0, 76434.0, 78691.0, 87958.0, 94265.0, 100977.0, 107378.0, 116170.0, 123107.0, 125397.0, 132435.0, 134320.0, 136046.0, 136793.0, 135137.0, 135286.0, 134749.0, 130117.0, 133976.0, 131302.0, 131482.0, 132613.0, 135643.0
Región Metropolitana De Santiago, Matricula Hombre en Educación Superior, 52231.0, 54894.0, 58262.0, 62015.0, 64043.0, 66032.0, 72015.0, 68346.0, 79563.0, 89125.0, 91196.0, 95688.0, 102286.0, 102899.0, 112446.0, 114967.0, 122457.0, 131398.0, 136157.0, 156540.0, 157790.0, 165619.0, 167377.0, -, 200692.0, 212969.0, 236100.0, 253391.0, 265560.0, 277263.0, 287355.0, 292470.0, 294474.0, 290714.0, 292922.0, 294631.0, 280249.0, 302269.0, 312748.0, 328761.0, 347269.0, 371064.0
Región Metropolitana De Santiago, Matricula Mujer en Educación Superior, 38622.0, 41778.0, 45013.0, 47676.0, 50841.0, 49362.0, 55851.0, 54775.0, 63443.0, 71332.0, 74976.0, 78154.0, 82566.0, 86562.0, 89887.0, 97781.0, 104146.0, 111381.0, 119441.0, 134030.0, 138254.0, 145840.0, 158774.0, -, 192023.0, 209566.0, 234229.0, 253479.0, 269971.0, 281861.0, 295051.0, 298067.0, 303528.0, 307317.0, 314810.0, 318750.0, 307761.0, 341216.0, 349329.0, 363876.0, 381156.0, 403903.0
Región Metropolitana De Santiago, Matricula No Binaria en Educación Superior, -, -, -, -, -, -, -, -, -, -, -, -, -, -, -, -, -, -, -, -, -, -, -, -, -, -, -, -, -, -, -, -, -, -, -, -, -, -, -, 2.0, 11.0, 19.0
Región Metropolitana De Santiago, Matricula Total en Educación Superior, 90853.0, 96672.0, 103275.0, 109691.0, 114884.0, 115394.0, 127866.0, 123121.0, 143006.0, 160457.0, 166172.0, 173842.0, 184852.0, 189461.0, 202333.0, 212748.0, 226603.0, 242779.0, 255598.0, 290570.0, 296044.0, 311459.0, 326151.0, -, 392715.0, 422535.0, 470329.0, 506870.0, 535531.0, 559124.0, 582406.0, 590537.0, 598002.0, 598031.0, 607732.0, 613381.0, 588010.0, 643485.0, 662077.0, 692639.0, 728436.0, 774986.0
Región Del Libertador Gral. Bernardo O'higgins, Matricula Hombre en Educación Superior, 459.0, 524.0, 710.0, 931.0, 1014.0, 1271.0, 1360.0, 1642.0, 1648.0, 2039.0, 1767.0, 2303.0, 2188.0, 2256.0, 2431.0, 2268.0, 2359.0, 2373.0, 2432.0, 2776.0, 3404.0, 3673.0, 3241.0, 5660.0, 6002.0, 7770.0, 9356.0, 10413.0, 11820.0, 12467.0, 13289.0, 13654.0, 13373.0, 13275.0, 13082.0, 13007.0, 12395.0, 12073.0, 12081.0, 13203.0, 13771.0, 14494.0
Región Del Libertador Gral. Bernardo O'higgins, Matricula Mujer en Educación Superior, 335.0, 470.0, 661.0, 888.0, 1112.0, 1055.0, 1513.0, 1650.0, 1715.0, 1938.0, 1910.0, 2274.0, 2079.0, 2098.0, 1912.0, 1880.0, 1709.0, 1882.0, 1849.0, 2300.0, 2664.0, 2733.0, 2916.0, 5658.0, 5825.0, 7987.0, 9474.0, 11219.0, 13314.0, 13904.0, 15176.0, 15239.0, 15456.0, 15682.0, 15745.0, 15437.0, 14873.0, 15015.0, 14867.0, 15437.0, 15870.0, 16774.0
Región Del Libertador Gral. Bernardo O'higgins, Matricula No Binaria en Educación Superior, -, -, -, -, -, -, -, -, -, -, -, -, -, -, -, -, -, -, -, -, -, -, -, -, -, -, -, -, -, -, -, -, -, -, -, -, -, -, -, 0.0, 0.0, 1.0
Región Del Libertador Gral. Bernardo O'higgins, Matricula Total en Educación Superior, 794.0, 994.0, 1371.0, 1819.0, 2126.0, 2326.0, 2873.0, 3292.0, 3363.0, 3977.0, 3677.0, 4577.0, 4267.0, 4354.0, 4343.0, 4148.0, 4068.0, 4255.0, 4281.0, 5076.0, 6068.0, 6406.0, 6157.0, 11318.0, 11827.0, 15757.0, 18830.0, 21632.0, 25134.0, 26371.0, 28465.0, 28893.0, 28829.0, 28957.0, 28827.0, 28444.0, 27268.0, 27088.0, 26948.0, 28640.0, 29641.0, 31269.0
Región Del Maule, Matricula Hombre en Educación Superior, 2791.0, 3146.0, 3150.0, 3486.0, 3176.0, 3566.0, 2961.0, 3502.0, 3631.0, 4431.0, 4345.0, 4918.0, 4717.0, 5148.0, 5867.0, 5558.0, 6379.0, 6732.0, 7050.0, 7516.0, 9589.0, 9897.0, 10285.0, 13489.0, 15770.0, 17557.0, 19414.0, 22223.0, 23930.0, 25134.0, 22764.0, 23266.0, 24186.0, 24423.0, 25051.0, 25795.0, 25461.0, 25190.0, 24795.0, 25874.0, 26941.0, 27986.0
Región Del Maule, Matricula Mujer en Educación Superior, 3607.0, 3745.0, 4121.0, 4478.0, 4041.0, 3917.0, 2928.0, 3734.0, 3934.0, 4767.0, 4628.0, 5222.0, 4939.0, 5385.0, 6551.0, 6609.0, 6997.0, 7399.0, 7717.0, 8054.0, 9983.0, 10892.0, 11251.0, 15573.0, 18471.0, 21225.0, 24306.0, 32175.0, 34850.0, 35923.0, 29020.0, 29712.0, 31163.0, 31153.0, 32111.0, 32921.0, 32762.0, 34419.0, 33373.0, 33438.0, 34096.0, 35259.0
Región Del Maule, Matricula No Binaria en Educación Superior, -, -, -, -, -, -, -, -, -, -, -, -, -, -, -, -, -, -, -, -, -, -, -, -, -, -, -, -, -, -, -, -, -, -, -, -, -, -, -, 0.0, 0.0, 0.0
Región Del Maule, Matricula Total en Educación Superior, 6398.0, 6891.0, 7271.0, 7964.0, 7217.0, 7483.0, 5889.0, 7236.0, 7565.0, 9198.0, 8973.0, 10140.0, 9656.0, 10533.0, 12418.0, 12167.0, 13376.0, 14131.0, 14767.0, 15570.0, 19572.0, 20789.0, 21536.0, 29062.0, 34241.0, 38782.0, 43720.0, 54398.0, 58780.0, 61057.0, 51784.0, 52978.0, 55349.0, 55576.0, 57162.0, 58716.0, 58223.0, 59609.0, 58168.0, 59312.0, 61037.0, 63245.0
Región de Ñuble, Matricula Hombre en Educación Superior, -, -, -, -, -, -, -, -, -, -, -, -, -, -, -, -, -, -, -, -, -, -, -, -, -, -, -, -, -, -, -, -, -, -, -, 10222.0, 9944.0, 9866.0, 9798.0, 10171.0, 10534.0, 10622.0
Región de Ñuble, Matricula Mujer en Educación Superior, -, -, -, -, -, -, -, -, -, -, -, -, -, -, -, -, -, -, -, -, -, -, -, -, -, -, -, -, -, -, -, -, -, -, -, 13511.0, 12963.0, 13127.0, 12451.0, 12792.0, 13081.0, 12985.0
Región de Ñuble, Matricula No Binaria en Educación Superior, -, -, -, -, -, -, -, -, -, -, -, -, -, -, -, -, -, -, -, -, -, -, -, -, -, -, -, -, -, -, -, -, -, -, -, -, -, -, -, 0.0, 0.0, 1.0
Región de Ñuble, Matricula Total en Educación Superior, -, -, -, -, -, -, -, -, -, -, -, -, -, -, -, -, -, -, -, -, -, -, -, -, -, -, -, -, -, -, -, -, -, -, -, 23733.0, 22907.0, 22993.0, 22249.0, 22963.0, 23615.0, 23608.0
Región Del Biobío, Matricula Hombre en Educación Superior, 14255.0, 15346.0, 16118.0, 16297.0, 17086.0, 16860.0, 17917.0, 19386.0, 21819.0, 21835.0, 22729.0, 23115.0, 24184.0, 24619.0, 25289.0, 27121.0, 27866.0, 30296.0, 31638.0, 34533.0, 36859.0, 38699.0, 41897.0, 48106.0, 52038.0, 55716.0, 60224.0, 65384.0, 68716.0, 73144.0, 74570.0, 75917.0, 75143.0, 74445.0, 72622.0, 61538.0, 59577.0, 59942.0, 60347.0, 60844.0, 61704.0, 61913.0
Región Del Biobío, Matricula Mujer en Educación Superior, 10002.0, 11428.0, 12487.0, 13235.0, 14302.0, 14086.0, 15420.0, 16116.0, 18421.0, 19232.0, 19628.0, 19605.0, 20587.0, 22030.0, 22714.0, 24271.0, 25569.0, 27773.0, 29349.0, 32772.0, 35632.0, 37323.0, 41359.0, 48474.0, 53297.0, 59668.0, 66232.0, 73182.0, 78365.0, 82271.0, 84775.0, 86477.0, 85614.0, 85065.0, 84638.0, 70041.0, 68166.0, 70845.0, 69323.0, 70329.0, 70773.0, 71114.0
Región Del Biobío, Matricula No Binaria en Educación Superior, -, -, -, -, -, -, -, -, -, -, -, -, -, -, -, -, -, -, -, -, -, -, -, -, -, -, -, -, -, -, -, -, -, -, -, -, -, -, -, 0.0, 0.0, 1.0
Región Del Biobío, Matricula Total en Educación Superior, 24257.0, 26774.0, 28605.0, 29532.0, 31388.0, 30946.0, 33337.0, 35502.0, 40240.0, 41067.0, 42357.0, 42720.0, 44771.0, 46649.0, 48003.0, 51392.0, 53435.0, 58069.0, 60987.0, 67305.0, 72491.0, 76022.0, 83256.0, 96580.0, 105335.0, 115384.0, 126456.0, 138566.0, 147081.0, 155415.0, 159345.0, 162394.0, 160757.0, 159510.0, 157260.0, 131579.0, 127743.0, 130787.0, 129670.0, 131173.0, 132477.0, 133028.0
Región De La Araucanía, Matricula Hombre en Educación Superior, 3761.0, 4151.0, 4181.0, 4443.0, 4513.0, 4512.0, 4788.0, 4675.0, 5335.0, 6677.0, 7366.0, 8471.0, 9082.0, 9258.0, 9885.0, 9154.0, 10191.0, 11503.0, 14283.0, 12349.0, 11184.0, 11410.0, 11476.0, 15531.0, 15963.0, 17749.0, 19609.0, 21032.0, 22507.0, 23968.0, 25002.0, 25443.0, 26015.0, 26164.0, 26116.0, 26274.0, 25620.0, 26035.0, 25750.0, 26204.0, 26983.0, 30624.0
Región De La Araucanía, Matricula Mujer en Educación Superior, 3998.0, 4146.0, 3928.0, 3985.0, 3995.0, 4387.0, 4564.0, 4427.0, 5254.0, 6349.0, 7084.0, 7807.0, 8572.0, 8890.0, 9396.0, 8740.0, 10274.0, 10803.0, 12115.0, 12508.0, 11844.0, 12211.0, 11913.0, 18360.0, 18490.0, 20499.0, 22749.0, 25604.0, 27874.0, 29825.0, 31533.0, 32332.0, 34305.0, 35094.0, 34799.0, 34471.0, 33064.0, 35726.0, 34998.0, 35058.0, 35508.0, 40886.0
Región De La Araucanía, Matricula No Binaria en Educación Superior, -, -, -, -, -, -, -, -, -, -, -, -, -, -, -, -, -, -, -, -, -, -, -, -, -, -, -, -, -, -, -, -, -, -, -, -, -, -, -, 0.0, 3.0, 1.0
Región De La Araucanía, Matricula Total en Educación Superior, 7759.0, 8297.0, 8109.0, 8428.0, 8508.0, 8899.0, 9352.0, 9102.0, 10589.0, 13026.0, 14450.0, 16278.0, 17654.0, 18148.0, 19281.0, 17894.0, 20465.0, 22306.0, 26398.0, 24857.0, 23028.0, 23621.0, 23389.0, 33891.0, 34453.0, 38248.0, 42358.0, 46636.0, 50381.0, 53793.0, 56535.0, 57775.0, 60320.0, 61258.0, 60915.0, 60745.0, 58684.0, 61761.0, 60748.0, 61262.0, 62494.0, 71511.0
Región De Los Ríos, Matricula Hombre en Educación Superior, -, -, -, -, -, -, -, -, -, -, -, -, -, -, -, -, -, -, -, -, -, -, -, -, 7436.0, 8151.0, 8726.0, 9187.0, 9643.0, 10229.0, 10414.0, 10615.0, 11046.0, 11547.0, 12162.0, 12479.0, 12427.0, 12307.0, 12476.0, 12923.0, 12955.0, 13141.0
Región De Los Ríos, Matricula Mujer en Educación Superior, -, -, -, -, -, -, -, -, -, -, -, -, -, -, -, -, -, -, -, -, -, -, -, -, 7446.0, 8743.0, 8979.0, 9819.0, 10753.0, 11656.0, 12001.0, 12005.0, 12333.0, 12794.0, 13923.0, 14239.0, 14284.0, 15264.0, 15493.0, 15945.0, 15924.0, 16176.0
Región De Los Ríos, Matricula No Binaria en Educación Superior, -, -, -, -, -, -, -, -, -, -, -, -, -, -, -, -, -, -, -, -, -, -, -, -, -, -, -, -, -, -, -, -, -, -, -, -, -, -, -, 0.0, 0.0, 1.0
Región De Los Ríos, Matricula Total en Educación Superior, -, -, -, -, -, -, -, -, -, -, -, -, -, -, -, -, -, -, -, -, -, -, -, -, 14882.0, 16894.0, 17705.0, 19006.0, 20396.0, 21885.0, 22415.0, 22620.0, 23379.0, 24341.0, 26085.0, 26718.0, 26711.0, 27571.0, 27969.0, 28868.0, 28879.0, 29318.0
Región De Los Lagos, Matricula Hombre en Educación Superior, 6270.0, 6494.0, 6771.0, 7081.0, 7334.0, 7344.0, 7061.0, 7582.0, 8001.0, 8154.0, 8476.0, 8400.0, 8437.0, 8378.0, 9094.0, 9341.0, 10031.0, 10357.0, 11563.0, 12068.0, 12691.0, 13357.0, 15045.0, 16675.0, 10372.0, 11865.0, 12814.0, 14136.0, 14562.0, 16193.0, 16813.0, 17622.0, 17900.0, 18136.0, 18349.0, 18197.0, 17585.0, 17135.0, 17625.0, 18594.0, 19209.0, 20181.0
Región De Los Lagos, Matricula Mujer en Educación Superior, 4070.0, 4451.0, 5023.0, 5371.0, 5394.0, 5011.0, 5406.0, 5934.0, 6411.0, 6995.0, 7278.0, 7732.0, 7754.0, 7267.0, 8628.0, 8974.0, 9869.0, 10262.0, 11123.0, 12373.0, 13354.0, 13071.0, 15676.0, 18538.0, 13145.0, 14836.0, 16648.0, 18973.0, 20056.0, 21845.0, 23070.0, 24360.0, 24989.0, 25020.0, 25390.0, 25323.0, 24539.0, 24966.0, 24756.0, 25064.0, 25063.0, 25890.0
Región De Los Lagos, Matricula No Binaria en Educación Superior, -, -, -, -, -, -, -, -, -, -, -, -, -, -, -, -, -, -, -, -, -, -, -, -, -, -, -, -, -, -, -, -, -, -, -, -, -, -, -, 0.0, 0.0, 0.0
Región De Los Lagos, Matricula Total en Educación Superior, 10340.0, 10945.0, 11794.0, 12452.0, 12728.0, 12355.0, 12467.0, 13516.0, 14412.0, 15149.0, 15754.0, 16132.0, 16191.0, 15645.0, 17722.0, 18315.0, 19900.0, 20619.0, 22686.0, 24441.0, 26045.0, 26428.0, 30721.0, 35213.0, 23517.0, 26701.0, 29462.0, 33109.0, 34618.0, 38038.0, 39883.0, 41982.0, 42889.0, 43156.0, 43739.0, 43520.0, 42124.0, 42101.0, 42381.0, 43658.0, 44272.0, 46071.0
Región De Aysén Del Gral. Carlos Ibáñez Del Campo, Matricula Hombre en Educación Superior, 0.0, 92.0, 129.0, 86.0, 60.0, 20.0, 48.0, 43.0, 49.0, 56.0, 45.0, 6.0, 4.0, 0.0, 0.0, 144.0, 154.0, 323.0, 296.0, 299.0, 327.0, 241.0, 521.0, 407.0, 430.0, 607.0, 675.0, 724.0, 714.0, 727.0, 819.0, 832.0, 925.0, 1007.0, 1080.0, 1087.0, 1109.0, 1039.0, 1005.0, 1041.0, 1011.0, 1265.0
Región De Aysén Del Gral. Carlos Ibáñez Del Campo, Matricula Mujer en Educación Superior, 0.0, 93.0, 122.0, 94.0, 76.0, 53.0, 69.0, 58.0, 75.0, 68.0, 72.0, 3.0, 0.0, 0.0, 0.0, 164.0, 189.0, 377.0, 363.0, 372.0, 366.0, 293.0, 453.0, 460.0, 534.0, 746.0, 846.0, 947.0, 892.0, 996.0, 1168.0, 1383.0, 1546.0, 1613.0, 1682.0, 1765.0, 1779.0, 1831.0, 1560.0, 1435.0, 1298.0, 1534.0
Región De Aysén Del Gral. Carlos Ibáñez Del Campo, Matricula No Binaria en Educación Superior, -, -, -, -, -, -, -, -, -, -, -, -, -, -, -, -, -, -, -, -, -, -, -, -, -, -, -, -, -, -, -, -, -, -, -, -, -, -, -, 0.0, 0.0, 0.0
Región De Aysén Del Gral. Carlos Ibáñez Del Campo, Matricula Total en Educación Superior, 0.0, 185.0, 251.0, 180.0, 136.0, 73.0, 117.0, 101.0, 124.0, 124.0, 117.0, 9.0, 4.0, 0.0, 0.0, 308.0, 343.0, 700.0, 659.0, 671.0, 693.0, 534.0, 974.0, 867.0, 964.0, 1353.0, 1521.0, 1671.0, 1606.0, 1723.0, 1987.0, 2215.0, 2471.0, 2620.0, 2762.0, 2852.0, 2888.0, 2870.0, 2565.0, 2476.0, 2309.0, 2799.0
Región De Magallanes Y De La Antártica Chilena, Matricula Hombre en Educación Superior, 919.0, 890.0, 1008.0, 1024.0, 934.0, 841.0, 940.0, 1008.0, 1155.0, 1404.0, 1499.0, 1597.0, 1588.0, 1762.0, 1839.0, 1730.0, 2042.0, 2182.0, 2366.0, 2455.0, 2717.0, 2906.0, 2919.0, 196183.0, 3393.0, 3417.0, 3644.0, 3576.0, 3358.0, 3408.0, 3537.0, 3684.0, 3630.0, 3601.0, 3584.0, 3571.0, 3170.0, 3134.0, 3081.0, 3315.0, 3513.0, 3682.0
Región De Magallanes Y De La Antártica Chilena, Matricula Mujer en Educación Superior, 797.0, 856.0, 796.0, 847.0, 849.0, 688.0, 792.0, 883.0, 902.0, 1070.0, 1196.0, 1201.0, 1265.0, 1425.0, 1567.0, 1963.0, 1865.0, 2009.0, 2230.0, 2581.0, 2453.0, 2825.0, 2709.0, 185538.0, 3397.0, 3665.0, 4008.0, 4002.0, 3905.0, 4017.0, 4051.0, 4226.0, 4417.0, 4401.0, 4416.0, 4218.0, 3864.0, 4052.0, 3729.0, 3841.0, 3921.0, 4126.0
Región De Magallanes Y De La Antártica Chilena, Matricula No Binaria en Educación Superior, -, -, -, -, -, -, -, -, -, -, -, -, -, -, -, -, -, -, -, -, -, -, -, -, -, -, -, -, -, -, -, -, -, -, -, -, -, -, -, 0.0, 0.0, 0.0
Región De Magallanes Y De La Antártica Chilena, Matricula Total en Educación Superior, 1716.0, 1746.0, 1804.0, 1871.0, 1783.0, 1529.0, 1732.0, 1891.0, 2057.0, 2474.0, 2695.0, 2798.0, 2853.0, 3187.0, 3406.0, 3693.0, 3907.0, 4191.0, 4596.0, 5036.0, 5170.0, 5731.0, 5628.0, 381721.0, 6790.0, 7082.0, 7652.0, 7578.0, 7263.0, 7425.0, 7588.0, 7910.0, 8047.0, 8002.0, 8000.0, 7789.0, 7034.0, 7186.0, 6810.0, 7156.0, 7434.0, 7808.0
